representative_strain	derived_haplotype	hamming_distance_nearest_library_strain_ha1	nearest_library_strain_ha1	hamming_distance_nearest_library_strain_ha1_ha2	nearest_library_strain_ha1_ha2	Koel_epitope_distance	Wolf_epitope_distance	representative_strain_ha1_sequence	representative_ha2_sequence	representative_strain_ha1_ha2_sequence	count	n_countries	n_regions	latest_sequence	representative_strain_ha1_sequence_hash	glycosylation_mutations	HA1_mutations	recurrent_substitutions	wolf_mutations	koel_mutations	representative_ha2_sequence_count	proportion_countries	proportion_regions	days_since_latest_sequence	median_ga	frequency	relative_fitness	score_mutations	score_fitness	score_total	valid_ha1_sequence	valid_ha2_sequence	valid_sequence	selected_haplotype	selection_file
A/StPetersburg/RII-25-2157S/2025	K	1	A/Astrakhan/RII-MH273373S/2025	1	A/Astrakhan/RII-MH273373S/2025	0	1	QNIPGNDNSTATLCLGHHAVPNGTIVKTITNDRIEVTNATELVQNSSIGKICNSPHQILDGGNCTLIDALLGDPQCDGFQNKEWDLFVERSRANSSCYPYDVPDYASLRSLVASSGTLEFKDESFNWTGVKQNGKSSACKRGSNSSFFSRLNWLTSLDNKYPAQNVTMPNKERFDKLYIWGVHHPDTDRNQFSLFAQSSGRITVSTKRSQQAVIPNIGSRPRVRDIPSRISIYWTIVKPGDILLINSTGNLIAPRGYFKIRSGKSSIMRSDAPIGECKSECITPNGSIPNDKPFQNVNRITYGACPRYVKQSTLKLATGMRNVPEKQAR	GIFGAIAGFIENGWEGMVDGWYGFRHQNSEGRGQAADLKSTQAAIDQINGKLNRLIGKTNEKFHQIEKEFSEVEGRVQDLEKYVEDTKIDLWSYNAELLVALENQHTIDLTDSEMNKLFEKTKKQLRENAEDMGNGCFKIYHKCDNACIGSIRNETYDHNVYRDEALNNRFQIKGVELKSGYKDWILWISFAMSCFLLCIALLGFIMWACQKGNIRCNICI	QNIPGNDNSTATLCLGHHAVPNGTIVKTITNDRIEVTNATELVQNSSIGKICNSPHQILDGGNCTLIDALLGDPQCDGFQNKEWDLFVERSRANSSCYPYDVPDYASLRSLVASSGTLEFKDESFNWTGVKQNGKSSACKRGSNSSFFSRLNWLTSLDNKYPAQNVTMPNKERFDKLYIWGVHHPDTDRNQFSLFAQSSGRITVSTKRSQQAVIPNIGSRPRVRDIPSRISIYWTIVKPGDILLINSTGNLIAPRGYFKIRSGKSSIMRSDAPIGECKSECITPNGSIPNDKPFQNVNRITYGACPRYVKQSTLKLATGMRNVPEKQARGIFGAIAGFIENGWEGMVDGWYGFRHQNSEGRGQAADLKSTQAAIDQINGKLNRLIGKTNEKFHQIEKEFSEVEGRVQDLEKYVEDTKIDLWSYNAELLVALENQHTIDLTDSEMNKLFEKTKKQLRENAEDMGNGCFKIYHKCDNACIGSIRNETYDHNVYRDEALNNRFQIKGVELKSGYKDWILWISFAMSCFLLCIALLGFIMWACQKGNIRCNICI	10475.0	94.0	10.0	2026-04-21	0d8e778	10.98892601	15.98634845	4.993221957	11.9897852	1.997422434	7845.0	0.8545454545	1.0	28.0	1.0	0.6292425062	0.005300380132	0.4867632329	0.031133985	1.372442672	True	True	True	True	huddlej_h3n2.txt,jamess_h3n2.txt
A/Badajoz/18811358/2026	K:S96R	1	A/StPetersburg/RII-25-2157S/2025	1	A/StPetersburg/RII-25-2157S/2025	0	1	QNIPGNDNSTATLCLGHHAVPNGTIVKTITNDRIEVTNATELVQNSSIGKICNSPHQILDGGNCTLIDALLGDPQCDGFQNKEWDLFVERSRANSRCYPYDVPDYASLRSLVASSGTLEFKDESFNWTGVKQNGKSSACKRGSNSSFFSRLNWLTSLDNKYPAQNVTMPNKERFDKLYIWGVHHPDTDRNQFSLFAQSSGRITVSTKRSQQAVIPNIGSRPRVRDIPSRISIYWTIVKPGDILLINSTGNLIAPRGYFKIRSGKSSIMRSDAPIGECKSECITPNGSIPNDKPFQNVNRITYGACPRYVKQSTLKLATGMRNVPEKQAR	GIFGAIAGFIENGWEGMVDGWYGFRHQNSEGRGQAADLKSTQAAIDQINGKLNRLIGKTNEKFHQIEKEFSEVEGRVQDLEKYVEDTKIDLWSYNAELLVALENQHTIDLTDSEMNKLFEKTKKQLRENAEDMGNGCFKIYHKCDNACIGSIRNETYDHNVYRDEALNNRFQIKGVELKSGYKDWILWISFAMSCFLLCIALLGFIMWACQKGNIRCNICI	QNIPGNDNSTATLCLGHHAVPNGTIVKTITNDRIEVTNATELVQNSSIGKICNSPHQILDGGNCTLIDALLGDPQCDGFQNKEWDLFVERSRANSRCYPYDVPDYASLRSLVASSGTLEFKDESFNWTGVKQNGKSSACKRGSNSSFFSRLNWLTSLDNKYPAQNVTMPNKERFDKLYIWGVHHPDTDRNQFSLFAQSSGRITVSTKRSQQAVIPNIGSRPRVRDIPSRISIYWTIVKPGDILLINSTGNLIAPRGYFKIRSGKSSIMRSDAPIGECKSECITPNGSIPNDKPFQNVNRITYGACPRYVKQSTLKLATGMRNVPEKQARGIFGAIAGFIENGWEGMVDGWYGFRHQNSEGRGQAADLKSTQAAIDQINGKLNRLIGKTNEKFHQIEKEFSEVEGRVQDLEKYVEDTKIDLWSYNAELLVALENQHTIDLTDSEMNKLFEKTKKQLRENAEDMGNGCFKIYHKCDNACIGSIRNETYDHNVYRDEALNNRFQIKGVELKSGYKDWILWISFAMSCFLLCIALLGFIMWACQKGNIRCNICI	131.0	17.0	8.0	2026-04-27	6bf8034	9.984732824	15.98473282	4.984732824	11.98473282	1.992366412	109.0	0.1545454545	0.8	22.0	1.066	0.007869285757	0.06921370588	0.486554872	0.4065554596	1.047655786	True	True	True	True	huddlej_h3n2.txt
A/StPetersburg/RII-25-2042S/2025	K:V223I	1	A/NakhonPhanom/P495/2026	1	A/NakhonPhanom/P495/2026	0	0	QNIPGNDNSTATLCLGHHAVPNGTIVKTITNDRIEVTNATELVQNSSIGKICNSPHQILDGGNCTLIDALLGDPQCDGFQNKEWDLFVERSRANSSCYPYDVPDYASLRSLVASSGTLEFKDESFNWTGVKQNGKSSACKRGSNSSFFSRLNWLTSLDNKYPAQNVTMPNKERFDKLYIWGVHHPDTDRNQFSLFAQSSGRITVSTKRSQQAVIPNIGSRPRIRDIPSRISIYWTIVKPGDILLINSTGNLIAPRGYFKIRSGKSSIMRSDAPIGECKSECITPNGSIPNDKPFQNVNRITYGACPRYVKQSTLKLATGMRNVPEKQAR	GIFGAIAGFIENGWEGMVDGWYGFRHQNSEGRGQAADLKSTQAAIDQINGKLNRLIGKTNEKFHQIEKEFSEVEGRVQDLEKYVEDTKIDLWSYNAELLVALENQHTIDLTDSEMNKLFEKTKKQLRENAEDMGNGCFKIYHKCDNACIGSIRNETYDHNVYRDEALNNRFQIKGVELKSGYKDWILWISFAMSCFLLCIALLGFIMWACQKGNIRCNICI	QNIPGNDNSTATLCLGHHAVPNGTIVKTITNDRIEVTNATELVQNSSIGKICNSPHQILDGGNCTLIDALLGDPQCDGFQNKEWDLFVERSRANSSCYPYDVPDYASLRSLVASSGTLEFKDESFNWTGVKQNGKSSACKRGSNSSFFSRLNWLTSLDNKYPAQNVTMPNKERFDKLYIWGVHHPDTDRNQFSLFAQSSGRITVSTKRSQQAVIPNIGSRPRIRDIPSRISIYWTIVKPGDILLINSTGNLIAPRGYFKIRSGKSSIMRSDAPIGECKSECITPNGSIPNDKPFQNVNRITYGACPRYVKQSTLKLATGMRNVPEKQARGIFGAIAGFIENGWEGMVDGWYGFRHQNSEGRGQAADLKSTQAAIDQINGKLNRLIGKTNEKFHQIEKEFSEVEGRVQDLEKYVEDTKIDLWSYNAELLVALENQHTIDLTDSEMNKLFEKTKKQLRENAEDMGNGCFKIYHKCDNACIGSIRNETYDHNVYRDEALNNRFQIKGVELKSGYKDWILWISFAMSCFLLCIALLGFIMWACQKGNIRCNICI	245.0	29.0	7.0	2026-04-11	6807ade	10.99183673	14.99591837	4.995918367	12.0	2.0	189.0	0.2636363636	0.7	38.0	1.03	0.01471736649	0.03485918237	0.4836050265	0.2047598916	0.9520012818	True	True	True	True	huddlej_h3n2.txt
A/Ireland/91576/2025	K:F79I,K207Q	1	A/Luxembourg/LNS9132577/2026	1	A/Luxembourg/LNS9132577/2026	0	0	QNIPGNDNSTATLCLGHHAVPNGTIVKTITNDRIEVTNATELVQNSSIGKICNSPHQILDGGNCTLIDALLGDPQCDGIQNKEWDLFVERSRANSSCYPYDVPDYASLRSLVASSGTLEFKDESFNWTGVKQNGKSSACKRGSNSSFFSRLNWLTSLDNKYPAQNVTMPNKERFDKLYIWGVHHPDTDRNQFSLFAQSSGRITVSTQRSQQAVIPNIGSRPRVRDIPSRISIYWTIVKPGDILLINSTGNLIAPRGYFKIRSGKSSIMRSDAPIGECKSECITPNGSIPNDKPFQNVNRITYGACPRYVKQSTLKLATGMRNVPEKQAR	GIFGAIAGFIENGWEGMVDGWYGFRHQNSEGRGQAADLKSTQAAIDQINGKLNRLIGKTNEKFHQIEKEFSEVEGRVQDLEKYVEDTKIDLWSYNAELLVALENQHTIDLTDSEMNKLFEKTKKQLRENAEDMGNGCFKIYHKCDNACIGSIRNETYDHNVYRDEALNNRFQIKGVELKSGYKDWILWISFAMSCFLLCIALLGFIMWACQKGNIRCNICI	QNIPGNDNSTATLCLGHHAVPNGTIVKTITNDRIEVTNATELVQNSSIGKICNSPHQILDGGNCTLIDALLGDPQCDGIQNKEWDLFVERSRANSSCYPYDVPDYASLRSLVASSGTLEFKDESFNWTGVKQNGKSSACKRGSNSSFFSRLNWLTSLDNKYPAQNVTMPNKERFDKLYIWGVHHPDTDRNQFSLFAQSSGRITVSTQRSQQAVIPNIGSRPRVRDIPSRISIYWTIVKPGDILLINSTGNLIAPRGYFKIRSGKSSIMRSDAPIGECKSECITPNGSIPNDKPFQNVNRITYGACPRYVKQSTLKLATGMRNVPEKQARGIFGAIAGFIENGWEGMVDGWYGFRHQNSEGRGQAADLKSTQAAIDQINGKLNRLIGKTNEKFHQIEKEFSEVEGRVQDLEKYVEDTKIDLWSYNAELLVALENQHTIDLTDSEMNKLFEKTKKQLRENAEDMGNGCFKIYHKCDNACIGSIRNETYDHNVYRDEALNNRFQIKGVELKSGYKDWILWISFAMSCFLLCIALLGFIMWACQKGNIRCNICI	229.0	24.0	8.0	2026-04-06	8453107	10.97816594	17.96943231	5.986899563	12.96943231	2.0	197.0	0.2181818182	0.8	43.0	1.023	0.01375623235	0.0280398671	0.5118588273	0.1647038099	0.8947444554	True	True	True	True	huddlej_h3n2.txt
A/StPetersburg/RII-25-2082S/2025	K:S145N	1	A/StPetersburg/RII-25-2157S/2025	1	A/StPetersburg/RII-25-2157S/2025	1	1	QNIPGNDNSTATLCLGHHAVPNGTIVKTITNDRIEVTNATELVQNSSIGKICNSPHQILDGGNCTLIDALLGDPQCDGFQNKEWDLFVERSRANSSCYPYDVPDYASLRSLVASSGTLEFKDESFNWTGVKQNGKSSACKRGSNNSFFSRLNWLTSLDNKYPAQNVTMPNKERFDKLYIWGVHHPDTDRNQFSLFAQSSGRITVSTKRSQQAVIPNIGSRPRVRDIPSRISIYWTIVKPGDILLINSTGNLIAPRGYFKIRSGKSSIMRSDAPIGECKSECITPNGSIPNDKPFQNVNRITYGACPRYVKQSTLKLATGMRNVPEKQAR	GIFGAIAGFIENGWEGMVDGWYGFRHQNSEGRGQAADLKSTQAAIDQINGKLNRLIGKTNEKFHQIEKEFSEVEGRVQDLEKYVEDTKIDLWSYNAELLVALENQHTIDLTDSEMNKLFEKTKKQLRENAEDMGNGCFKIYHKCDNACIGSIRNETYDHNVYRDEALNNRFQIKGVELKSGYKDWILWISFAMSCFLLCIALLGFIMWACQKGNIRCNICI	QNIPGNDNSTATLCLGHHAVPNGTIVKTITNDRIEVTNATELVQNSSIGKICNSPHQILDGGNCTLIDALLGDPQCDGFQNKEWDLFVERSRANSSCYPYDVPDYASLRSLVASSGTLEFKDESFNWTGVKQNGKSSACKRGSNNSFFSRLNWLTSLDNKYPAQNVTMPNKERFDKLYIWGVHHPDTDRNQFSLFAQSSGRITVSTKRSQQAVIPNIGSRPRVRDIPSRISIYWTIVKPGDILLINSTGNLIAPRGYFKIRSGKSSIMRSDAPIGECKSECITPNGSIPNDKPFQNVNRITYGACPRYVKQSTLKLATGMRNVPEKQARGIFGAIAGFIENGWEGMVDGWYGFRHQNSEGRGQAADLKSTQAAIDQINGKLNRLIGKTNEKFHQIEKEFSEVEGRVQDLEKYVEDTKIDLWSYNAELLVALENQHTIDLTDSEMNKLFEKTKKQLRENAEDMGNGCFKIYHKCDNACIGSIRNETYDHNVYRDEALNNRFQIKGVELKSGYKDWILWISFAMSCFLLCIALLGFIMWACQKGNIRCNICI	212.0	28.0	9.0	2026-03-20	160ab34	10.98584906	16.99056604	5.995283019	13.0	3.0	128.0	0.2545454545	0.9	60.0	0.999	0.01273502733	0.004299879798	0.5211436741	0.02525713058	0.8009462592	True	True	True	True	huddlej_h3n2.txt,jamess_h3n2.txt
A/Thuringen/16/2026	K:A328T	1	A/Florida/ISC-1069/2026	1	A/Florida/ISC-1069/2026	0	0	QNIPGNDNSTATLCLGHHAVPNGTIVKTITNDRIEVTNATELVQNSSIGKICNSPHQILDGGNCTLIDALLGDPQCDGFQNKEWDLFVERSRANSSCYPYDVPDYASLRSLVASSGTLEFKDESFNWTGVKQNGKSSACKRGSNSSFFSRLNWLTSLDNKYPAQNVTMPNKERFDKLYIWGVHHPDTDRNQFSLFAQSSGRITVSTKRSQQAVIPNIGSRPRVRDIPSRISIYWTIVKPGDILLINSTGNLIAPRGYFKIRSGKSSIMRSDAPIGECKSECITPNGSIPNDKPFQNVNRITYGACPRYVKQSTLKLATGMRNVPEKQTR	GIFGAIAGFIENGWEGMVDGWYGFRHQNSEGRGQAADLKSTQAAIDQINGKLNRLIGKTNEKFHQIEKEFSEVEGRVQDLEKYVEDTKIDLWSYNAELLVALENQHTIDLTDSEMNKLFEKTKKQLRENAEDMGNGCFKIYHKCDNACIGSIRNETYDHNVYRDEALNNRFQIKGVELKSGYKDWILWISFAMSCFLLCIALLGFIMWACQKGNIRCNICI	QNIPGNDNSTATLCLGHHAVPNGTIVKTITNDRIEVTNATELVQNSSIGKICNSPHQILDGGNCTLIDALLGDPQCDGFQNKEWDLFVERSRANSSCYPYDVPDYASLRSLVASSGTLEFKDESFNWTGVKQNGKSSACKRGSNSSFFSRLNWLTSLDNKYPAQNVTMPNKERFDKLYIWGVHHPDTDRNQFSLFAQSSGRITVSTKRSQQAVIPNIGSRPRVRDIPSRISIYWTIVKPGDILLINSTGNLIAPRGYFKIRSGKSSIMRSDAPIGECKSECITPNGSIPNDKPFQNVNRITYGACPRYVKQSTLKLATGMRNVPEKQTRGIFGAIAGFIENGWEGMVDGWYGFRHQNSEGRGQAADLKSTQAAIDQINGKLNRLIGKTNEKFHQIEKEFSEVEGRVQDLEKYVEDTKIDLWSYNAELLVALENQHTIDLTDSEMNKLFEKTKKQLRENAEDMGNGCFKIYHKCDNACIGSIRNETYDHNVYRDEALNNRFQIKGVELKSGYKDWILWISFAMSCFLLCIALLGFIMWACQKGNIRCNICI	152.0	31.0	9.0	2026-04-03	b1550b6	10.99342105	14.98684211	4.986842105	11.99342105	1.993421053	135.0	0.2818181818	0.9	46.0	1.005	0.009130774314	0.01028792164	0.4833268792	0.06043038237	0.8255754434	True	True	True	True	huddlej_h3n2.txt
A/StPetersburg/RII-25-2600S/2026	K:T65K	1	A/StPetersburg/RII-25-2157S/2025	1	A/StPetersburg/RII-25-2157S/2025	0	0	QNIPGNDNSTATLCLGHHAVPNGTIVKTITNDRIEVTNATELVQNSSIGKICNSPHQILDGGNCKLIDALLGDPQCDGFQNKEWDLFVERSRANSSCYPYDVPDYASLRSLVASSGTLEFKDESFNWTGVKQNGKSSACKRGSNSSFFSRLNWLTSLDNKYPAQNVTMPNKERFDKLYIWGVHHPDTDRNQFSLFAQSSGRITVSTKRSQQAVIPNIGSRPRVRDIPSRISIYWTIVKPGDILLINSTGNLIAPRGYFKIRSGKSSIMRSDAPIGECKSECITPNGSIPNDKPFQNVNRITYGACPRYVKQSTLKLATGMRNVPEKQAR	GIFGAIAGFIENGWEGMVDGWYGFRHQNSEGRGQAADLKSTQAAIDQINGKLNRLIGKTNEKFHQIEKEFSEVEGRVQDLEKYVEDTKIDLWSYNAELLVALENQHTIDLTDSEMNKLFEKTKKQLRENAEDMGNGCFKIYHKCDNACIGSIRNETYDHNVYRDEALNNRFQIKGVELKSGYKDWILWISFAMSCFLLCIALLGFIMWACQKGNIRCNICI	QNIPGNDNSTATLCLGHHAVPNGTIVKTITNDRIEVTNATELVQNSSIGKICNSPHQILDGGNCKLIDALLGDPQCDGFQNKEWDLFVERSRANSSCYPYDVPDYASLRSLVASSGTLEFKDESFNWTGVKQNGKSSACKRGSNSSFFSRLNWLTSLDNKYPAQNVTMPNKERFDKLYIWGVHHPDTDRNQFSLFAQSSGRITVSTKRSQQAVIPNIGSRPRVRDIPSRISIYWTIVKPGDILLINSTGNLIAPRGYFKIRSGKSSIMRSDAPIGECKSECITPNGSIPNDKPFQNVNRITYGACPRYVKQSTLKLATGMRNVPEKQARGIFGAIAGFIENGWEGMVDGWYGFRHQNSEGRGQAADLKSTQAAIDQINGKLNRLIGKTNEKFHQIEKEFSEVEGRVQDLEKYVEDTKIDLWSYNAELLVALENQHTIDLTDSEMNKLFEKTKKQLRENAEDMGNGCFKIYHKCDNACIGSIRNETYDHNVYRDEALNNRFQIKGVELKSGYKDWILWISFAMSCFLLCIALLGFIMWACQKGNIRCNICI	80.0	16.0	5.0	2026-04-07	5.00E+13	9.9875	17.0	6.0	12.0	2.0	63.0	0.1454545455	0.5	42.0	1.02	0.004805670691	0.02510300743	0.5	0.1474529444	0.7929074898	True	True	True	True	huddlej_h3n2.txt
A/Astrakhan/RII-MH273373S/2025	K:S91N	1	A/StPetersburg/RII-25-2157S/2025	1	A/StPetersburg/RII-25-2157S/2025	0	1	QNIPGNDNSTATLCLGHHAVPNGTIVKTITNDRIEVTNATELVQNSSIGKICNSPHQILDGGNCTLIDALLGDPQCDGFQNKEWDLFVERNRANSSCYPYDVPDYASLRSLVASSGTLEFKDESFNWTGVKQNGKSSACKRGSNSSFFSRLNWLTSLDNKYPAQNVTMPNKERFDKLYIWGVHHPDTDRNQFSLFAQSSGRITVSTKRSQQAVIPNIGSRPRVRDIPSRISIYWTIVKPGDILLINSTGNLIAPRGYFKIRSGKSSIMRSDAPIGECKSECITPNGSIPNDKPFQNVNRITYGACPRYVKQSTLKLATGMRNVPEKQAR	GIFGAIAGFIENGWEGMVDGWYGFRHQNSEGRGQAADLKSTQAAIDQINGKLNRLIGKTNEKFHQIEKEFSEVEGRVQDLEKYVEDTKIDLWSYNAELLVALENQHTIDLTDSEMNKLFEKTKKQLRENAEDMGNGCFKIYHKCDNACIGSIRNETYDHNVYRDEALNNRFQIKGVELKSGYKDWILWISFAMSCFLLCIALLGFIMWACQKGNIRCNICI	QNIPGNDNSTATLCLGHHAVPNGTIVKTITNDRIEVTNATELVQNSSIGKICNSPHQILDGGNCTLIDALLGDPQCDGFQNKEWDLFVERNRANSSCYPYDVPDYASLRSLVASSGTLEFKDESFNWTGVKQNGKSSACKRGSNSSFFSRLNWLTSLDNKYPAQNVTMPNKERFDKLYIWGVHHPDTDRNQFSLFAQSSGRITVSTKRSQQAVIPNIGSRPRVRDIPSRISIYWTIVKPGDILLINSTGNLIAPRGYFKIRSGKSSIMRSDAPIGECKSECITPNGSIPNDKPFQNVNRITYGACPRYVKQSTLKLATGMRNVPEKQARGIFGAIAGFIENGWEGMVDGWYGFRHQNSEGRGQAADLKSTQAAIDQINGKLNRLIGKTNEKFHQIEKEFSEVEGRVQDLEKYVEDTKIDLWSYNAELLVALENQHTIDLTDSEMNKLFEKTKKQLRENAEDMGNGCFKIYHKCDNACIGSIRNETYDHNVYRDEALNNRFQIKGVELKSGYKDWILWISFAMSCFLLCIALLGFIMWACQKGNIRCNICI	81.0	16.0	7.0	2026-03-02	e2b0584	10.98765432	16.91358025	4.950617284	12.92592593	1.975308642	73.0	0.1454545455	0.7	78.0	1.016	0.004865741575	0.02117372929	0.4982357092	0.1243726966	0.7680629513	True	True	True	True	huddlej_h3n2.txt
A/France/PAC-RELAB-HCL026021993801/2026	K:P21S	1	A/StPetersburg/RII-25-2157S/2025	1	A/StPetersburg/RII-25-2157S/2025	0	0	QNIPGNDNSTATLCLGHHAVSNGTIVKTITNDRIEVTNATELVQNSSIGKICNSPHQILDGGNCTLIDALLGDPQCDGFQNKEWDLFVERSRANSSCYPYDVPDYASLRSLVASSGTLEFKDESFNWTGVKQNGKSSACKRGSNSSFFSRLNWLTSLDNKYPAQNVTMPNKERFDKLYIWGVHHPDTDRNQFSLFAQSSGRITVSTKRSQQAVIPNIGSRPRVRDIPSRISIYWTIVKPGDILLINSTGNLIAPRGYFKIRSGKSSIMRSDAPIGECKSECITPNGSIPNDKPFQNVNRITYGACPRYVKQSTLKLATGMRNVPEKQAR	GIFGAIAGFIENGWEGMVDGWYGFRHQNSEGRGQAADLKSTQAAIDQINGKLNRLIGKTNEKFHQIEKEFSEVEGRVQDLEKYVEDTKIDLWSYNAELLVALENQHTIDLTDSEMNKLFEKTKKQLRENAEDMGNGCFKIYHKCDNACIGSIRNETYDHNVYRDEALNNRFQIKGVELKSGYKDWILWISFAMSCFLLCIALLGFIMWACQKGNIRCNICI	QNIPGNDNSTATLCLGHHAVSNGTIVKTITNDRIEVTNATELVQNSSIGKICNSPHQILDGGNCTLIDALLGDPQCDGFQNKEWDLFVERSRANSSCYPYDVPDYASLRSLVASSGTLEFKDESFNWTGVKQNGKSSACKRGSNSSFFSRLNWLTSLDNKYPAQNVTMPNKERFDKLYIWGVHHPDTDRNQFSLFAQSSGRITVSTKRSQQAVIPNIGSRPRVRDIPSRISIYWTIVKPGDILLINSTGNLIAPRGYFKIRSGKSSIMRSDAPIGECKSECITPNGSIPNDKPFQNVNRITYGACPRYVKQSTLKLATGMRNVPEKQARGIFGAIAGFIENGWEGMVDGWYGFRHQNSEGRGQAADLKSTQAAIDQINGKLNRLIGKTNEKFHQIEKEFSEVEGRVQDLEKYVEDTKIDLWSYNAELLVALENQHTIDLTDSEMNKLFEKTKKQLRENAEDMGNGCFKIYHKCDNACIGSIRNETYDHNVYRDEALNNRFQIKGVELKSGYKDWILWISFAMSCFLLCIALLGFIMWACQKGNIRCNICI	55.0	11.0	5.0	2026-04-04	a5f7837	11.0	17.0	5.0	12.0	2.0	44.0	0.1	0.5	45.0	1.0	0.0033038986	0.005300380132	0.4903225806	0.031133985	0.6214565656	True	True	True	True	huddlej_h3n2.txt
A/Florida/ISC-1069/2026	K:A328S	1	A/StPetersburg/RII-25-2157S/2025	1	A/StPetersburg/RII-25-2157S/2025	0	0	QNIPGNDNSTATLCLGHHAVPNGTIVKTITNDRIEVTNATELVQNSSIGKICNSPHQILDGGNCTLIDALLGDPQCDGFQNKEWDLFVERSRANSSCYPYDVPDYASLRSLVASSGTLEFKDESFNWTGVKQNGKSSACKRGSNSSFFSRLNWLTSLDNKYPAQNVTMPNKERFDKLYIWGVHHPDTDRNQFSLFAQSSGRITVSTKRSQQAVIPNIGSRPRVRDIPSRISIYWTIVKPGDILLINSTGNLIAPRGYFKIRSGKSSIMRSDAPIGECKSECITPNGSIPNDKPFQNVNRITYGACPRYVKQSTLKLATGMRNVPEKQSR	GIFGAIAGFIENGWEGMVDGWYGFRHQNSEGRGQAADLKSTQAAIDQINGKLNRLIGKTNEKFHQIEKEFSEVEGRVQDLEKYVEDTKIDLWSYNAELLVALENQHTIDLTDSEMNKLFEKTKKQLRENAEDMGNGCFKIYHKCDNACIGSIRNETYDHNVYRDEALNNRFQIKGVELKSGYKDWILWISFAMSCFLLCIALLGFIMWACQKGNIRCNICI	QNIPGNDNSTATLCLGHHAVPNGTIVKTITNDRIEVTNATELVQNSSIGKICNSPHQILDGGNCTLIDALLGDPQCDGFQNKEWDLFVERSRANSSCYPYDVPDYASLRSLVASSGTLEFKDESFNWTGVKQNGKSSACKRGSNSSFFSRLNWLTSLDNKYPAQNVTMPNKERFDKLYIWGVHHPDTDRNQFSLFAQSSGRITVSTKRSQQAVIPNIGSRPRVRDIPSRISIYWTIVKPGDILLINSTGNLIAPRGYFKIRSGKSSIMRSDAPIGECKSECITPNGSIPNDKPFQNVNRITYGACPRYVKQSTLKLATGMRNVPEKQSRGIFGAIAGFIENGWEGMVDGWYGFRHQNSEGRGQAADLKSTQAAIDQINGKLNRLIGKTNEKFHQIEKEFSEVEGRVQDLEKYVEDTKIDLWSYNAELLVALENQHTIDLTDSEMNKLFEKTKKQLRENAEDMGNGCFKIYHKCDNACIGSIRNETYDHNVYRDEALNNRFQIKGVELKSGYKDWILWISFAMSCFLLCIALLGFIMWACQKGNIRCNICI	216.0	23.0	5.0	2026-03-23	e3b9f1d	10.99537037	15.99537037	5.0	12.0	2.0	183.0	0.2090909091	0.5	57.0	1.001	0.01297531087	0.006299880465	0.4869975649	0.03700496549	0.7330934394	True	True	True	True	huddlej_h3n2.txt
A/Denmark/3940/2025	K:I230V	1	A/StPetersburg/RII-25-2157S/2025	1	A/StPetersburg/RII-25-2157S/2025	0	1	QNIPGNDNSTATLCLGHHAVPNGTIVKTITNDRIEVTNATELVQNSSIGKICNSPHQILDGGNCTLIDALLGDPQCDGFQNKEWDLFVERSRANSSCYPYDVPDYASLRSLVASSGTLEFKDESFNWTGVKQNGKSSACKRGSNSSFFSRLNWLTSLDNKYPAQNVTMPNKERFDKLYIWGVHHPDTDRNQFSLFAQSSGRITVSTKRSQQAVIPNIGSRPRVRDIPSRVSIYWTIVKPGDILLINSTGNLIAPRGYFKIRSGKSSIMRSDAPIGECKSECITPNGSIPNDKPFQNVNRITYGACPRYVKQSTLKLATGMRNVPEKQAR	GIFGAIAGFIENGWEGMVDGWYGFRHQNSEGRGQAADLKSTQAAIDQINGKLNRLIGKTNEKFHQIEKEFSEVEGRVQDLEKYVEDTKIDLWSYNAELLVALENQHTIDLTDSEMNKLFEKTKKQLRENAEDMGNGCFKIYHKCDNACIGSIRNETYDHNVYRDEALNNRFQIKGVELKSGYKDWILWISFAMSCFLLCIALLGFIMWACQKGNIRCNICI	QNIPGNDNSTATLCLGHHAVPNGTIVKTITNDRIEVTNATELVQNSSIGKICNSPHQILDGGNCTLIDALLGDPQCDGFQNKEWDLFVERSRANSSCYPYDVPDYASLRSLVASSGTLEFKDESFNWTGVKQNGKSSACKRGSNSSFFSRLNWLTSLDNKYPAQNVTMPNKERFDKLYIWGVHHPDTDRNQFSLFAQSSGRITVSTKRSQQAVIPNIGSRPRVRDIPSRVSIYWTIVKPGDILLINSTGNLIAPRGYFKIRSGKSSIMRSDAPIGECKSECITPNGSIPNDKPFQNVNRITYGACPRYVKQSTLKLATGMRNVPEKQARGIFGAIAGFIENGWEGMVDGWYGFRHQNSEGRGQAADLKSTQAAIDQINGKLNRLIGKTNEKFHQIEKEFSEVEGRVQDLEKYVEDTKIDLWSYNAELLVALENQHTIDLTDSEMNKLFEKTKKQLRENAEDMGNGCFKIYHKCDNACIGSIRNETYDHNVYRDEALNNRFQIKGVELKSGYKDWILWISFAMSCFLLCIALLGFIMWACQKGNIRCNICI	61.0	16.0	6.0	2026-02-25	cc44928	11.0	16.96721311	4.983606557	12.98360656	2.0	42.0	0.1454545455	0.6	83.0	1.005	0.003664323902	0.01028792164	0.4995846314	0.06043038237	0.7054695592	True	True	True	True	huddlej_h3n2.txt
A/Massachusetts/ISC-1856/2025	K:R261K	1	A/StPetersburg/RII-25-2157S/2025	1	A/StPetersburg/RII-25-2157S/2025	0	1	QNIPGNDNSTATLCLGHHAVPNGTIVKTITNDRIEVTNATELVQNSSIGKICNSPHQILDGGNCTLIDALLGDPQCDGFQNKEWDLFVERSRANSSCYPYDVPDYASLRSLVASSGTLEFKDESFNWTGVKQNGKSSACKRGSNSSFFSRLNWLTSLDNKYPAQNVTMPNKERFDKLYIWGVHHPDTDRNQFSLFAQSSGRITVSTKRSQQAVIPNIGSRPRVRDIPSRISIYWTIVKPGDILLINSTGNLIAPRGYFKIKSGKSSIMRSDAPIGECKSECITPNGSIPNDKPFQNVNRITYGACPRYVKQSTLKLATGMRNVPEKQAR	GIFGAIAGFIENGWEGMVDGWYGFRHQNSEGRGQAADLKSTQAAIDQINGKLNRLIGKTNEKFHQIEKEFSEVEGRVQDLEKYVEDTKIDLWSYNAELLVALENQHTIDLTDSEMNKLFEKTKKQLRENAEDMGNGCFKIYHKCDNACIGSIRNETYDHNVYRDEALNNRFQIKGVELKSGYKDWILWISFAMSCFLLCIALLGFIMWACQKGNIRCNICI	QNIPGNDNSTATLCLGHHAVPNGTIVKTITNDRIEVTNATELVQNSSIGKICNSPHQILDGGNCTLIDALLGDPQCDGFQNKEWDLFVERSRANSSCYPYDVPDYASLRSLVASSGTLEFKDESFNWTGVKQNGKSSACKRGSNSSFFSRLNWLTSLDNKYPAQNVTMPNKERFDKLYIWGVHHPDTDRNQFSLFAQSSGRITVSTKRSQQAVIPNIGSRPRVRDIPSRISIYWTIVKPGDILLINSTGNLIAPRGYFKIKSGKSSIMRSDAPIGECKSECITPNGSIPNDKPFQNVNRITYGACPRYVKQSTLKLATGMRNVPEKQARGIFGAIAGFIENGWEGMVDGWYGFRHQNSEGRGQAADLKSTQAAIDQINGKLNRLIGKTNEKFHQIEKEFSEVEGRVQDLEKYVEDTKIDLWSYNAELLVALENQHTIDLTDSEMNKLFEKTKKQLRENAEDMGNGCFKIYHKCDNACIGSIRNETYDHNVYRDEALNNRFQIKGVELKSGYKDWILWISFAMSCFLLCIALLGFIMWACQKGNIRCNICI	86.0	19.0	5.0	2026-03-18	c6cd718	11.0	17.0	5.0	13.0	2.0	78.0	0.1727272727	0.5	62.0	0.995	0.005166095993	0.0002878383082	0.5	0.001690737899	0.6744180106	True	True	True	True	huddlej_h3n2.txt
A/Luxembourg/LNS9132577/2026	K:K207Q	1	A/Ireland/91576/2025	1	A/Ireland/91576/2025	0	0	QNIPGNDNSTATLCLGHHAVPNGTIVKTITNDRIEVTNATELVQNSSIGKICNSPHQILDGGNCTLIDALLGDPQCDGFQNKEWDLFVERSRANSSCYPYDVPDYASLRSLVASSGTLEFKDESFNWTGVKQNGKSSACKRGSNSSFFSRLNWLTSLDNKYPAQNVTMPNKERFDKLYIWGVHHPDTDRNQFSLFAQSSGRITVSTQRSQQAVIPNIGSRPRVRDIPSRISIYWTIVKPGDILLINSTGNLIAPRGYFKIRSGKSSIMRSDAPIGECKSECITPNGSIPNDKPFQNVNRITYGACPRYVKQSTLKLATGMRNVPEKQAR	GIFGAIAGFIENGWEGMVDGWYGFRHQNSEGRGQAADLKSTQAAIDQINGKLNRLIGKTNEKFHQIEKEFSEVEGRVQDLEKYVEDTKIDLWSYNAELLVALENQHTIDLTDSEMNKLFEKTKKQLRENAEDMGNGCFKIYHKCDNACIGSIRNETYDHNVYRDEALNNRFQIKGVELKSGYKDWILWISFAMSCFLLCIALLGFIMWACQKGNIRCNICI	QNIPGNDNSTATLCLGHHAVPNGTIVKTITNDRIEVTNATELVQNSSIGKICNSPHQILDGGNCTLIDALLGDPQCDGFQNKEWDLFVERSRANSSCYPYDVPDYASLRSLVASSGTLEFKDESFNWTGVKQNGKSSACKRGSNSSFFSRLNWLTSLDNKYPAQNVTMPNKERFDKLYIWGVHHPDTDRNQFSLFAQSSGRITVSTQRSQQAVIPNIGSRPRVRDIPSRISIYWTIVKPGDILLINSTGNLIAPRGYFKIRSGKSSIMRSDAPIGECKSECITPNGSIPNDKPFQNVNRITYGACPRYVKQSTLKLATGMRNVPEKQARGIFGAIAGFIENGWEGMVDGWYGFRHQNSEGRGQAADLKSTQAAIDQINGKLNRLIGKTNEKFHQIEKEFSEVEGRVQDLEKYVEDTKIDLWSYNAELLVALENQHTIDLTDSEMNKLFEKTKKQLRENAEDMGNGCFKIYHKCDNACIGSIRNETYDHNVYRDEALNNRFQIKGVELKSGYKDWILWISFAMSCFLLCIALLGFIMWACQKGNIRCNICI	46.0	14.0	6.0	2026-03-05	3107764	10.95652174	16.95652174	5.97826087	12.95652174	2.0	32.0	0.1272727273	0.6	75.0	0.997	0.002763260648	0.002295871111	0.508586883	0.0134857529	0.6493453632	True	True	True	True	huddlej_h3n2.txt
A/SantaCatarina/508/2026	K:D188N	1	A/StPetersburg/RII-25-2157S/2025	1	A/StPetersburg/RII-25-2157S/2025	0	1	QNIPGNDNSTATLCLGHHAVPNGTIVKTITNDRIEVTNATELVQNSSIGKICNSPHQILDGGNCTLIDALLGDPQCDGFQNKEWDLFVERSRANSSCYPYDVPDYASLRSLVASSGTLEFKDESFNWTGVKQNGKSSACKRGSNSSFFSRLNWLTSLDNKYPAQNVTMPNKERFDKLYIWGVHHPDTNRNQFSLFAQSSGRITVSTKRSQQAVIPNIGSRPRVRDIPSRISIYWTIVKPGDILLINSTGNLIAPRGYFKIRSGKSSIMRSDAPIGECKSECITPNGSIPNDKPFQNVNRITYGACPRYVKQSTLKLATGMRNVPEKQAR	GIFGAIAGFIENGWEGMVDGWYGFRHQNSEGRGQAADLKSTQAAIDQINGKLNRLIGKTNEKFHQIEKEFSEVEGRVQDLEKYVEDTKIDLWSYNAELLVALENQHTIDLTDSEMNKLFEKTKKQLRENAEDMGNGCFKIYHKCDNACIGSIRNETYDHNVYRDEALNNRFQIKGVELKSGYKDWILWISFAMSCFLLCIALLGFIMWACQKGNIRCNICI	QNIPGNDNSTATLCLGHHAVPNGTIVKTITNDRIEVTNATELVQNSSIGKICNSPHQILDGGNCTLIDALLGDPQCDGFQNKEWDLFVERSRANSSCYPYDVPDYASLRSLVASSGTLEFKDESFNWTGVKQNGKSSACKRGSNSSFFSRLNWLTSLDNKYPAQNVTMPNKERFDKLYIWGVHHPDTNRNQFSLFAQSSGRITVSTKRSQQAVIPNIGSRPRVRDIPSRISIYWTIVKPGDILLINSTGNLIAPRGYFKIRSGKSSIMRSDAPIGECKSECITPNGSIPNDKPFQNVNRITYGACPRYVKQSTLKLATGMRNVPEKQARGIFGAIAGFIENGWEGMVDGWYGFRHQNSEGRGQAADLKSTQAAIDQINGKLNRLIGKTNEKFHQIEKEFSEVEGRVQDLEKYVEDTKIDLWSYNAELLVALENQHTIDLTDSEMNKLFEKTKKQLRENAEDMGNGCFKIYHKCDNACIGSIRNETYDHNVYRDEALNNRFQIKGVELKSGYKDWILWISFAMSCFLLCIALLGFIMWACQKGNIRCNICI	11.0	9.0	3.0	2026-03-02	2da8937	10.90909091	17.0	5.0	13.0	2.0	7.0	0.08181818182	0.3	78.0	0.0		0.0	0.5	0.0	0.5818181818	True	True	True	True	turners_h3n2.txt
A/California/NIRC-IS-1067/2026	K:G62R	1	A/StPetersburg/RII-25-2157S/2025	1	A/StPetersburg/RII-25-2157S/2025	0	1	QNIPGNDNSTATLCLGHHAVPNGTIVKTITNDRIEVTNATELVQNSSIGKICNSPHQILDGRNCTLIDALLGDPQCDGFQNKEWDLFVERSRANSSCYPYDVPDYASLRSLVASSGTLEFKDESFNWTGVKQNGKSSACKRGSNSSFFSRLNWLTSLDNKYPAQNVTMPNKERFDKLYIWGVHHPDTDRNQFSLFAQSSGRITVSTKRSQQAVIPNIGSRPRVRDIPSRISIYWTIVKPGDILLINSTGNLIAPRGYFKIRSGKSSIMRSDAPIGECKSECITPNGSIPNDKPFQNVNRITYGACPRYVKQSTLKLATGMRNVPEKQAR	GIFGAIAGFIENGWEGMVDGWYGFRHQNSEGRGQAADLKSTQAAIDQINGKLNRLIGKTNEKFHQIEKEFSEVEGRVQDLEKYVEDTKIDLWSYNAELLVALENQHTIDLTDSEMNKLFEKTKKQLRENAEDMGNGCFKIYHKCDNACIGSIRNETYDHNVYRDEALNNRFQIKGVELKSGYKDWILWISFAMSCFLLCIALLGFIMWACQKGNIRCNICI	QNIPGNDNSTATLCLGHHAVPNGTIVKTITNDRIEVTNATELVQNSSIGKICNSPHQILDGRNCTLIDALLGDPQCDGFQNKEWDLFVERSRANSSCYPYDVPDYASLRSLVASSGTLEFKDESFNWTGVKQNGKSSACKRGSNSSFFSRLNWLTSLDNKYPAQNVTMPNKERFDKLYIWGVHHPDTDRNQFSLFAQSSGRITVSTKRSQQAVIPNIGSRPRVRDIPSRISIYWTIVKPGDILLINSTGNLIAPRGYFKIRSGKSSIMRSDAPIGECKSECITPNGSIPNDKPFQNVNRITYGACPRYVKQSTLKLATGMRNVPEKQARGIFGAIAGFIENGWEGMVDGWYGFRHQNSEGRGQAADLKSTQAAIDQINGKLNRLIGKTNEKFHQIEKEFSEVEGRVQDLEKYVEDTKIDLWSYNAELLVALENQHTIDLTDSEMNKLFEKTKKQLRENAEDMGNGCFKIYHKCDNACIGSIRNETYDHNVYRDEALNNRFQIKGVELKSGYKDWILWISFAMSCFLLCIALLGFIMWACQKGNIRCNICI	39.0	13.0	6.0	2026-04-19	413ddb1	10.92307692	16.8974359	4.948717949	12.8974359	1.974358974	33.0	0.1181818182	0.6	30.0	0.0		0.0	0.4978813559	0.0	0.6160631741	True	True	True	True	huddlej_h3n2.txt
A/France/HDF-RELAB-IPP00300/2026	K:G129R	1	A/StPetersburg/RII-25-2157S/2025	1	A/StPetersburg/RII-25-2157S/2025	0	1	QNIPGNDNSTATLCLGHHAVPNGTIVKTITNDRIEVTNATELVQNSSIGKICNSPHQILDGGNCTLIDALLGDPQCDGFQNKEWDLFVERSRANSSCYPYDVPDYASLRSLVASSGTLEFKDESFNWTRVKQNGKSSACKRGSNSSFFSRLNWLTSLDNKYPAQNVTMPNKERFDKLYIWGVHHPDTDRNQFSLFAQSSGRITVSTKRSQQAVIPNIGSRPRVRDIPSRISIYWTIVKPGDILLINSTGNLIAPRGYFKIRSGKSSIMRSDAPIGECKSECITPNGSIPNDKPFQNVNRITYGACPRYVKQSTLKLATGMRNVPEKQAR	GIFGAIAGFIENGWEGMVDGWYGFRHQNSEGRGQAADLKSTQAAIDQINGKLNRLIGKTNEKFHQIEKEFSEVEGRVQDLEKYVEDTKIDLWSYNAELLVALENQHTIDLTDSEMNKLFEKTKKQLRENAEDMGNGCFKIYHKCDNACIGSIRNETYDHNVYRDEALNNRFQIKGVELKSGYKDWILWISFAMSCFLLCIALLGFIMWACQKGNIRCNICI	QNIPGNDNSTATLCLGHHAVPNGTIVKTITNDRIEVTNATELVQNSSIGKICNSPHQILDGGNCTLIDALLGDPQCDGFQNKEWDLFVERSRANSSCYPYDVPDYASLRSLVASSGTLEFKDESFNWTRVKQNGKSSACKRGSNSSFFSRLNWLTSLDNKYPAQNVTMPNKERFDKLYIWGVHHPDTDRNQFSLFAQSSGRITVSTKRSQQAVIPNIGSRPRVRDIPSRISIYWTIVKPGDILLINSTGNLIAPRGYFKIRSGKSSIMRSDAPIGECKSECITPNGSIPNDKPFQNVNRITYGACPRYVKQSTLKLATGMRNVPEKQARGIFGAIAGFIENGWEGMVDGWYGFRHQNSEGRGQAADLKSTQAAIDQINGKLNRLIGKTNEKFHQIEKEFSEVEGRVQDLEKYVEDTKIDLWSYNAELLVALENQHTIDLTDSEMNKLFEKTKKQLRENAEDMGNGCFKIYHKCDNACIGSIRNETYDHNVYRDEALNNRFQIKGVELKSGYKDWILWISFAMSCFLLCIALLGFIMWACQKGNIRCNICI	44.0	13.0	6.0	2026-03-05	3781fbc	11.0	17.0	5.0	13.0	2.0	39.0	0.1181818182	0.6	75.0	0.0		0.0	0.5	0.0	0.6181818182	True	True	True	True	huddlej_h3n2.txt
A/Connecticut/5/2026	K:G142E	1	A/SouthCarolina/USAFSAM-17046/2026	1	A/SouthCarolina/USAFSAM-17046/2026	1	1	QNIPGNDNSTATLCLGHHAVPNGTIVKTITNDRIEVTNATELVQNSSIGKICNSPHQILDGGNCTLIDALLGDPQCDGFQNKEWDLFVERSRANSSCYPYDVPDYASLRSLVASSGTLEFKDESFNWTGVKQNGKSSACKRESNSSFFSRLNWLTSLDNKYPAQNVTMPNKERFDKLYIWGVHHPDTDRNQFSLFAQSSGRITVSTKRSQQAVIPNIGSRPRVRDIPSRISIYWTIVKPGDILLINSTGNLIAPRGYFKIRSGKSSIMRSDAPIGECKSECITPNGSIPNDKPFQNVNRITYGACPRYVKQSTLKLATGMRNVPEKQAR	GIFGAIAGFIENGWEGMVDGWYGFRHQNSEGRGQAADLKSTQAAIDQINGKLNRLIGKTNEKFHQIEKEFSEVEGRVQDLEKYVEDTKIDLWSYNAELLVALENQHTIDLTDSEMNKLFEKTKKQLRENAEDMGNGCFKIYHKCDNACIGSIRNETYDHNVYRDEALNNRFQIKGVELKSGYKDWILWISFAMSCFLLCIALLGFIMWACQKGNIRCNICI	QNIPGNDNSTATLCLGHHAVPNGTIVKTITNDRIEVTNATELVQNSSIGKICNSPHQILDGGNCTLIDALLGDPQCDGFQNKEWDLFVERSRANSSCYPYDVPDYASLRSLVASSGTLEFKDESFNWTGVKQNGKSSACKRESNSSFFSRLNWLTSLDNKYPAQNVTMPNKERFDKLYIWGVHHPDTDRNQFSLFAQSSGRITVSTKRSQQAVIPNIGSRPRVRDIPSRISIYWTIVKPGDILLINSTGNLIAPRGYFKIRSGKSSIMRSDAPIGECKSECITPNGSIPNDKPFQNVNRITYGACPRYVKQSTLKLATGMRNVPEKQARGIFGAIAGFIENGWEGMVDGWYGFRHQNSEGRGQAADLKSTQAAIDQINGKLNRLIGKTNEKFHQIEKEFSEVEGRVQDLEKYVEDTKIDLWSYNAELLVALENQHTIDLTDSEMNKLFEKTKKQLRENAEDMGNGCFKIYHKCDNACIGSIRNETYDHNVYRDEALNNRFQIKGVELKSGYKDWILWISFAMSCFLLCIALLGFIMWACQKGNIRCNICI	15.0	6.0	3.0	2026-02-17	5e4fdfe	11.0	16.8	5.0	12.8	1.866666667	9.0	0.05454545455	0.3	91.0	0.0		0.0	0.4957446809	0.0	0.5502901354	True	True	True	True	jamess_h3n2.txt
A/Singapore/NTF0577/2025	K:N63K	1	A/StPetersburg/RII-25-2157S/2025	1	A/StPetersburg/RII-25-2157S/2025	0	1	QNIPGNDNSTATLCLGHHAVPNGTIVKTITNDRIEVTNATELVQNSSIGKICNSPHQILDGGKCTLIDALLGDPQCDGFQNKEWDLFVERSRANSSCYPYDVPDYASLRSLVASSGTLEFKDESFNWTGVKQNGKSSACKRGSNSSFFSRLNWLTSLDNKYPAQNVTMPNKERFDKLYIWGVHHPDTDRNQFSLFAQSSGRITVSTKRSQQAVIPNIGSRPRVRDIPSRISIYWTIVKPGDILLINSTGNLIAPRGYFKIRSGKSSIMRSDAPIGECKSECITPNGSIPNDKPFQNVNRITYGACPRYVKQSTLKLATGMRNVPEKQAR	GIFGAIAGFIENGWEGMVDGWYGFRHQNSEGRGQAADLKSTQAAIDQINGKLNRLIGKTNEKFHQIEKEFSEVEGRVQDLEKYVEDTKIDLWSYNAELLVALENQHTIDLTDSEMNKLFEKTKKQLRENAEDMGNGCFKIYHKCDNACIGSIRNETYDHNVYRDEALNNRFQIKGVELKSGYKDWILWISFAMSCFLLCIALLGFIMWACQKGNIRCNICI	QNIPGNDNSTATLCLGHHAVPNGTIVKTITNDRIEVTNATELVQNSSIGKICNSPHQILDGGKCTLIDALLGDPQCDGFQNKEWDLFVERSRANSSCYPYDVPDYASLRSLVASSGTLEFKDESFNWTGVKQNGKSSACKRGSNSSFFSRLNWLTSLDNKYPAQNVTMPNKERFDKLYIWGVHHPDTDRNQFSLFAQSSGRITVSTKRSQQAVIPNIGSRPRVRDIPSRISIYWTIVKPGDILLINSTGNLIAPRGYFKIRSGKSSIMRSDAPIGECKSECITPNGSIPNDKPFQNVNRITYGACPRYVKQSTLKLATGMRNVPEKQARGIFGAIAGFIENGWEGMVDGWYGFRHQNSEGRGQAADLKSTQAAIDQINGKLNRLIGKTNEKFHQIEKEFSEVEGRVQDLEKYVEDTKIDLWSYNAELLVALENQHTIDLTDSEMNKLFEKTKKQLRENAEDMGNGCFKIYHKCDNACIGSIRNETYDHNVYRDEALNNRFQIKGVELKSGYKDWILWISFAMSCFLLCIALLGFIMWACQKGNIRCNICI	20.0	7.0	6.0	2026-03-19	84d8e4d	10.0	17.0	6.0	13.0	2.0	19.0	0.06363636364	0.6	61.0	0.0		0.0	0.5093167702	0.0	0.5729531338	True	True	True	True	turners_h3n2.txt
A/Singapore/SAR8915/2025	K:Q57H	1	A/StPetersburg/RII-25-2157S/2025	1	A/StPetersburg/RII-25-2157S/2025	0	1	QNIPGNDNSTATLCLGHHAVPNGTIVKTITNDRIEVTNATELVQNSSIGKICNSPHHILDGGNCTLIDALLGDPQCDGFQNKEWDLFVERSRANSSCYPYDVPDYASLRSLVASSGTLEFKDESFNWTGVKQNGKSSACKRGSNSSFFSRLNWLTSLDNKYPAQNVTMPNKERFDKLYIWGVHHPDTDRNQFSLFAQSSGRITVSTKRSQQAVIPNIGSRPRVRDIPSRISIYWTIVKPGDILLINSTGNLIAPRGYFKIRSGKSSIMRSDAPIGECKSECITPNGSIPNDKPFQNVNRITYGACPRYVKQSTLKLATGMRNVPEKQAR	GIFGAIAGFIENGWEGMVDGWYGFRHQNSEGRGQAADLKSTQAAIDQINGKLNRLIGKTNEKFHQIEKEFSEVEGRVQDLEKYVEDTKIDLWSYNAELLVALENQHTIDLTDSEMNKLFEKTKKQLRENAEDMGNGCFKIYHKCDNACIGSIRNETYDHNVYRDEALNNRFQIKGVELKSGYKDWILWISFAMSCFLLCIALLGFIMWACQKGNIRCNICI	QNIPGNDNSTATLCLGHHAVPNGTIVKTITNDRIEVTNATELVQNSSIGKICNSPHHILDGGNCTLIDALLGDPQCDGFQNKEWDLFVERSRANSSCYPYDVPDYASLRSLVASSGTLEFKDESFNWTGVKQNGKSSACKRGSNSSFFSRLNWLTSLDNKYPAQNVTMPNKERFDKLYIWGVHHPDTDRNQFSLFAQSSGRITVSTKRSQQAVIPNIGSRPRVRDIPSRISIYWTIVKPGDILLINSTGNLIAPRGYFKIRSGKSSIMRSDAPIGECKSECITPNGSIPNDKPFQNVNRITYGACPRYVKQSTLKLATGMRNVPEKQARGIFGAIAGFIENGWEGMVDGWYGFRHQNSEGRGQAADLKSTQAAIDQINGKLNRLIGKTNEKFHQIEKEFSEVEGRVQDLEKYVEDTKIDLWSYNAELLVALENQHTIDLTDSEMNKLFEKTKKQLRENAEDMGNGCFKIYHKCDNACIGSIRNETYDHNVYRDEALNNRFQIKGVELKSGYKDWILWISFAMSCFLLCIALLGFIMWACQKGNIRCNICI	10.0	5.0	4.0	2026-03-02	85bed14	11.0	17.0	6.0	13.0	2.0	9.0	0.04545454545	0.4	78.0	0.0		0.0	0.5093167702	0.0	0.5547713156	True	True	True	True	turners_h3n2.txt
A/Trieste/380/2026	K:G142E,S145N	1	A/Connecticut/5/2026	1	A/Connecticut/5/2026	1	1	QNIPGNDNSTATLCLGHHAVPNGTIVKTITNDRIEVTNATELVQNSSIGKICNSPHQILDGGNCTLIDALLGDPQCDGFQNKEWDLFVERSRANSSCYPYDVPDYASLRSLVASSGTLEFKDESFNWTGVKQNGKSSACKRESNNSFFSRLNWLTSLDNKYPAQNVTMPNKERFDKLYIWGVHHPDTDRNQFSLFAQSSGRITVSTKRSQQAVIPNIGSRPRVRDIPSRISIYWTIVKPGDILLINSTGNLIAPRGYFKIRSGKSSIMRSDAPIGECKSECITPNGSIPNDKPFQNVNRITYGACPRYVKQSTLKLATGMRNVPEKQAR	GIFGAIAGFIENGWEGMVDGWYGFRHQNSEGRGQAADLKSTQAAIDQINGKLNRLIGKTNEKFHQIEKEFSEVEGRVQDLEKYVEDTKIDLWSYNAELLVALENQHTIDLTDSEMNKLFEKTKKQLRENAEDMGNGCFKIYHKCDNACIGSIRNETYDHNVYRDEALNNRFQIKGVELKSGYKDWILWISFAMSCFLLCIALLGFIMWACQKGNIRCNICI	QNIPGNDNSTATLCLGHHAVPNGTIVKTITNDRIEVTNATELVQNSSIGKICNSPHQILDGGNCTLIDALLGDPQCDGFQNKEWDLFVERSRANSSCYPYDVPDYASLRSLVASSGTLEFKDESFNWTGVKQNGKSSACKRESNNSFFSRLNWLTSLDNKYPAQNVTMPNKERFDKLYIWGVHHPDTDRNQFSLFAQSSGRITVSTKRSQQAVIPNIGSRPRVRDIPSRISIYWTIVKPGDILLINSTGNLIAPRGYFKIRSGKSSIMRSDAPIGECKSECITPNGSIPNDKPFQNVNRITYGACPRYVKQSTLKLATGMRNVPEKQARGIFGAIAGFIENGWEGMVDGWYGFRHQNSEGRGQAADLKSTQAAIDQINGKLNRLIGKTNEKFHQIEKEFSEVEGRVQDLEKYVEDTKIDLWSYNAELLVALENQHTIDLTDSEMNKLFEKTKKQLRENAEDMGNGCFKIYHKCDNACIGSIRNETYDHNVYRDEALNNRFQIKGVELKSGYKDWILWISFAMSCFLLCIALLGFIMWACQKGNIRCNICI	21.0	5.0	2.0	2026-03-19	108386a	11.0	18.0	6.0	14.0	3.0	19.0	0.04545454545	0.2	61.0	0.0		0.0	0.5325443787	0.0	0.5779989242	True	True	True	True	jamess_h3n2.txt
A/Michigan/UM-10068071276/2025	K:N159Y	1	A/StPetersburg/RII-25-2157S/2025	1	A/StPetersburg/RII-25-2157S/2025	1	1	QNIPGNDNSTATLCLGHHAVPNGTIVKTITNDRIEVTNATELVQNSSIGKICNSPHQILDGGNCTLIDALLGDPQCDGFQNKEWDLFVERSRANSSCYPYDVPDYASLRSLVASSGTLEFKDESFNWTGVKQNGKSSACKRGSNSSFFSRLNWLTSLDYKYPAQNVTMPNKERFDKLYIWGVHHPDTDRNQFSLFAQSSGRITVSTKRSQQAVIPNIGSRPRVRDIPSRISIYWTIVKPGDILLINSTGNLIAPRGYFKIRSGKSSIMRSDAPIGECKSECITPNGSIPNDKPFQNVNRITYGACPRYVKQSTLKLATGMRNVPEKQAR	GIFGAIAGFIENGWEGMVDGWYGFRHQNSEGRGQAADLKSTQAAIDQINGKLNRLIGKTNEKFHQIEKEFSEVEGRVQDLEKYVEDTKIDLWSYNAELLVALENQHTIDLTDSEMNKLFEKTKKQLRENAEDMGNGCFKIYHKCDNACIGSIRNETYDHNVYRDEALNNRFQIKGVELKSGYKDWILWISFAMSCFLLCIALLGFIMWACQKGNIRCNICI	QNIPGNDNSTATLCLGHHAVPNGTIVKTITNDRIEVTNATELVQNSSIGKICNSPHQILDGGNCTLIDALLGDPQCDGFQNKEWDLFVERSRANSSCYPYDVPDYASLRSLVASSGTLEFKDESFNWTGVKQNGKSSACKRGSNSSFFSRLNWLTSLDYKYPAQNVTMPNKERFDKLYIWGVHHPDTDRNQFSLFAQSSGRITVSTKRSQQAVIPNIGSRPRVRDIPSRISIYWTIVKPGDILLINSTGNLIAPRGYFKIRSGKSSIMRSDAPIGECKSECITPNGSIPNDKPFQNVNRITYGACPRYVKQSTLKLATGMRNVPEKQARGIFGAIAGFIENGWEGMVDGWYGFRHQNSEGRGQAADLKSTQAAIDQINGKLNRLIGKTNEKFHQIEKEFSEVEGRVQDLEKYVEDTKIDLWSYNAELLVALENQHTIDLTDSEMNKLFEKTKKQLRENAEDMGNGCFKIYHKCDNACIGSIRNETYDHNVYRDEALNNRFQIKGVELKSGYKDWILWISFAMSCFLLCIALLGFIMWACQKGNIRCNICI	10.0	6.0	3.0	2026-02-21	46e85de	10.9	17.0	6.0	13.0	3.0	6.0	0.05454545455	0.3	87.0	0.0		0.0	0.5212121212	0.0	0.5757575758	True	True	True	True	turners_h3n2.txt,jamess_h3n2.txt
A/France/ARA-HCL026031894402/2026	K:D158N	1	A/StPetersburg/RII-25-2157S/2025	1	A/StPetersburg/RII-25-2157S/2025	1	1	QNIPGNDNSTATLCLGHHAVPNGTIVKTITNDRIEVTNATELVQNSSIGKICNSPHQILDGGNCTLIDALLGDPQCDGFQNKEWDLFVERSRANSSCYPYDVPDYASLRSLVASSGTLEFKDESFNWTGVKQNGKSSACKRGSNSSFFSRLNWLTSLNNKYPAQNVTMPNKERFDKLYIWGVHHPDTDRNQFSLFAQSSGRITVSTKRSQQAVIPNIGSRPRVRDIPSRISIYWTIVKPGDILLINSTGNLIAPRGYFKIRSGKSSIMRSDAPIGECKSECITPNGSIPNDKPFQNVNRITYGACPRYVKQSTLKLATGMRNVPEKQAR	GIFGAIAGFIENGWEGMVDGWYGFRHQNSEGRGQAADLKSTQAAIDQINGKLNRLIGKTNEKFHQIEKEFSEVEGRVQDLEKYVEDTKIDLWSYNAELLVALENQHTIDLTDSEMNKLFEKTKKQLRENAEDMGNGCFKIYHKCDNACIGSIRNETYDHNVYRDEALNNRFQIKGVELKSGYKDWILWISFAMSCFLLCIALLGFIMWACQKGNIRCNICI	QNIPGNDNSTATLCLGHHAVPNGTIVKTITNDRIEVTNATELVQNSSIGKICNSPHQILDGGNCTLIDALLGDPQCDGFQNKEWDLFVERSRANSSCYPYDVPDYASLRSLVASSGTLEFKDESFNWTGVKQNGKSSACKRGSNSSFFSRLNWLTSLNNKYPAQNVTMPNKERFDKLYIWGVHHPDTDRNQFSLFAQSSGRITVSTKRSQQAVIPNIGSRPRVRDIPSRISIYWTIVKPGDILLINSTGNLIAPRGYFKIRSGKSSIMRSDAPIGECKSECITPNGSIPNDKPFQNVNRITYGACPRYVKQSTLKLATGMRNVPEKQARGIFGAIAGFIENGWEGMVDGWYGFRHQNSEGRGQAADLKSTQAAIDQINGKLNRLIGKTNEKFHQIEKEFSEVEGRVQDLEKYVEDTKIDLWSYNAELLVALENQHTIDLTDSEMNKLFEKTKKQLRENAEDMGNGCFKIYHKCDNACIGSIRNETYDHNVYRDEALNNRFQIKGVELKSGYKDWILWISFAMSCFLLCIALLGFIMWACQKGNIRCNICI	25.0	11.0	4.0	2026-03-17	930a7a1	11.0	14.96	4.96	10.96	1.0	20.0	0.1	0.4	63.0	0.0		0.0	0.4578643975	0.0	0.5578643975	True	True	True	True	turners_h3n2.txt
A/Saskatchewan/SKFLU477727/2025	K:T155A	1	A/StPetersburg/RII-25-2157S/2025	1	A/StPetersburg/RII-25-2157S/2025	1	1	QNIPGNDNSTATLCLGHHAVPNGTIVKTITNDRIEVTNATELVQNSSIGKICNSPHQILDGGNCTLIDALLGDPQCDGFQNKEWDLFVERSRANSSCYPYDVPDYASLRSLVASSGTLEFKDESFNWTGVKQNGKSSACKRGSNSSFFSRLNWLASLDNKYPAQNVTMPNKERFDKLYIWGVHHPDTDRNQFSLFAQSSGRITVSTKRSQQAVIPNIGSRPRVRDIPSRISIYWTIVKPGDILLINSTGNLIAPRGYFKIRSGKSSIMRSDAPIGECKSECITPNGSIPNDKPFQNVNRITYGACPRYVKQSTLKLATGMRNVPEKQAR	GIFGAIAGFIENGWEGMVDGWYGFRHQNSEGRGQAADLKSTQAAIDQINGKLNRLIGKTNEKFHQIEKEFSEVEGRVQDLEKYVEDTKIDLWSYNAELLVALENQHTIDLTDSEMNKLFEKTKKQLRENAEDMGNGCFKIYHKCDNACIGSIRNETYDHNVYRDEALNNRFQIKGVELKSGYKDWILWISFAMSCFLLCIALLGFIMWACQKGNIRCNICI	QNIPGNDNSTATLCLGHHAVPNGTIVKTITNDRIEVTNATELVQNSSIGKICNSPHQILDGGNCTLIDALLGDPQCDGFQNKEWDLFVERSRANSSCYPYDVPDYASLRSLVASSGTLEFKDESFNWTGVKQNGKSSACKRGSNSSFFSRLNWLASLDNKYPAQNVTMPNKERFDKLYIWGVHHPDTDRNQFSLFAQSSGRITVSTKRSQQAVIPNIGSRPRVRDIPSRISIYWTIVKPGDILLINSTGNLIAPRGYFKIRSGKSSIMRSDAPIGECKSECITPNGSIPNDKPFQNVNRITYGACPRYVKQSTLKLATGMRNVPEKQARGIFGAIAGFIENGWEGMVDGWYGFRHQNSEGRGQAADLKSTQAAIDQINGKLNRLIGKTNEKFHQIEKEFSEVEGRVQDLEKYVEDTKIDLWSYNAELLVALENQHTIDLTDSEMNKLFEKTKKQLRENAEDMGNGCFKIYHKCDNACIGSIRNETYDHNVYRDEALNNRFQIKGVELKSGYKDWILWISFAMSCFLLCIALLGFIMWACQKGNIRCNICI	2.0	2.0	2.0	2025-12-19	f3f43d3	11.0	17.0	5.0	13.0	3.0	2.0	0.01818181818	0.2	151.0	0.0		0.0	0.512345679	0.0	0.5305274972	True	True	True	True	jamess_h3n2.txt
A/Michigan/UM-10068134090/2025	K:P239A	1	A/StPetersburg/RII-25-2157S/2025	1	A/StPetersburg/RII-25-2157S/2025	0	0	QNIPGNDNSTATLCLGHHAVPNGTIVKTITNDRIEVTNATELVQNSSIGKICNSPHQILDGGNCTLIDALLGDPQCDGFQNKEWDLFVERSRANSSCYPYDVPDYASLRSLVASSGTLEFKDESFNWTGVKQNGKSSACKRGSNSSFFSRLNWLTSLDNKYPAQNVTMPNKERFDKLYIWGVHHPDTDRNQFSLFAQSSGRITVSTKRSQQAVIPNIGSRPRVRDIPSRISIYWTIVKAGDILLINSTGNLIAPRGYFKIRSGKSSIMRSDAPIGECKSECITPNGSIPNDKPFQNVNRITYGACPRYVKQSTLKLATGMRNVPEKQAR	GIFGAIAGFIENGWEGMVDGWYGFRHQNSEGRGQAADLKSTQAAIDQINGKLNRLIGKTNEKFHQIEKEFSEVEGRVQDLEKYVEDTKIDLWSYNAELLVALENQHTIDLTDSEMNKLFEKTKKQLRENAEDMGNGCFKIYHKCDNACIGSIRNETYDHNVYRDEALNNRFQIKGVELKSGYKDWILWISFAMSCFLLCIALLGFIMWACQKGNIRCNICI	QNIPGNDNSTATLCLGHHAVPNGTIVKTITNDRIEVTNATELVQNSSIGKICNSPHQILDGGNCTLIDALLGDPQCDGFQNKEWDLFVERSRANSSCYPYDVPDYASLRSLVASSGTLEFKDESFNWTGVKQNGKSSACKRGSNSSFFSRLNWLTSLDNKYPAQNVTMPNKERFDKLYIWGVHHPDTDRNQFSLFAQSSGRITVSTKRSQQAVIPNIGSRPRVRDIPSRISIYWTIVKAGDILLINSTGNLIAPRGYFKIRSGKSSIMRSDAPIGECKSECITPNGSIPNDKPFQNVNRITYGACPRYVKQSTLKLATGMRNVPEKQARGIFGAIAGFIENGWEGMVDGWYGFRHQNSEGRGQAADLKSTQAAIDQINGKLNRLIGKTNEKFHQIEKEFSEVEGRVQDLEKYVEDTKIDLWSYNAELLVALENQHTIDLTDSEMNKLFEKTKKQLRENAEDMGNGCFKIYHKCDNACIGSIRNETYDHNVYRDEALNNRFQIKGVELKSGYKDWILWISFAMSCFLLCIALLGFIMWACQKGNIRCNICI	7.0	3.0	2.0	2026-02-02	5af2e09	11.0	17.0	6.0	12.0	2.0	7.0	0.02727272727	0.2	106.0	0.0		0.0	0.5	0.0	0.5272727273	True	True	True	True	turners_h3n2.txt
A/NakhonPhanom/P495/2026	K:V223I,A272T	1	A/StPetersburg/RII-25-2042S/2025	1	A/StPetersburg/RII-25-2042S/2025	0	0	QNIPGNDNSTATLCLGHHAVPNGTIVKTITNDRIEVTNATELVQNSSIGKICNSPHQILDGGNCTLIDALLGDPQCDGFQNKEWDLFVERSRANSSCYPYDVPDYASLRSLVASSGTLEFKDESFNWTGVKQNGKSSACKRGSNSSFFSRLNWLTSLDNKYPAQNVTMPNKERFDKLYIWGVHHPDTDRNQFSLFAQSSGRITVSTKRSQQAVIPNIGSRPRIRDIPSRISIYWTIVKPGDILLINSTGNLIAPRGYFKIRSGKSSIMRSDTPIGECKSECITPNGSIPNDKPFQNVNRITYGACPRYVKQSTLKLATGMRNVPEKQAR	GIFGAIAGFIENGWEGMVDGWYGFRHQNSEGRGQAADLKSTQAAIDQINGKLNRLIGKTNEKFHQIEKEFSEVEGRVQDLEKYVEDTKIDLWSYNAELLVALENQHTIDLTDSEMNKLFEKTKKQLRENAEDMGNGCFKIYHKCDNACIGSIRNETYDHNVYRDEALNNRFQIKGVELKSGYKDWILWISFAMSCFLLCIALLGFIMWACQKGNIRCNICI	QNIPGNDNSTATLCLGHHAVPNGTIVKTITNDRIEVTNATELVQNSSIGKICNSPHQILDGGNCTLIDALLGDPQCDGFQNKEWDLFVERSRANSSCYPYDVPDYASLRSLVASSGTLEFKDESFNWTGVKQNGKSSACKRGSNSSFFSRLNWLTSLDNKYPAQNVTMPNKERFDKLYIWGVHHPDTDRNQFSLFAQSSGRITVSTKRSQQAVIPNIGSRPRIRDIPSRISIYWTIVKPGDILLINSTGNLIAPRGYFKIRSGKSSIMRSDTPIGECKSECITPNGSIPNDKPFQNVNRITYGACPRYVKQSTLKLATGMRNVPEKQARGIFGAIAGFIENGWEGMVDGWYGFRHQNSEGRGQAADLKSTQAAIDQINGKLNRLIGKTNEKFHQIEKEFSEVEGRVQDLEKYVEDTKIDLWSYNAELLVALENQHTIDLTDSEMNKLFEKTKKQLRENAEDMGNGCFKIYHKCDNACIGSIRNETYDHNVYRDEALNNRFQIKGVELKSGYKDWILWISFAMSCFLLCIALLGFIMWACQKGNIRCNICI	19.0	4.0	4.0	2026-03-15	20a938f	11.0	15.89473684	5.947368421	11.89473684	1.947368421	12.0	0.03636363636	0.4	65.0	0.0		0.0	0.4942722372	0.0	0.5306358736	True	True	True	True	turners_h3n2.txt
A/SouthCarolina/USAFSAM-17046/2026	K:G142E,S193F	1	A/Connecticut/5/2026	1	A/Connecticut/5/2026	1	1	QNIPGNDNSTATLCLGHHAVPNGTIVKTITNDRIEVTNATELVQNSSIGKICNSPHQILDGGNCTLIDALLGDPQCDGFQNKEWDLFVERSRANSSCYPYDVPDYASLRSLVASSGTLEFKDESFNWTGVKQNGKSSACKRESNSSFFSRLNWLTSLDNKYPAQNVTMPNKERFDKLYIWGVHHPDTDRNQFFLFAQSSGRITVSTKRSQQAVIPNIGSRPRVRDIPSRISIYWTIVKPGDILLINSTGNLIAPRGYFKIRSGKSSIMRSDAPIGECKSECITPNGSIPNDKPFQNVNRITYGACPRYVKQSTLKLATGMRNVPEKQAR	GIFGAIAGFIENGWEGMVDGWYGFRHQNSEGRGQAADLKSTQAAIDQINGKLNRLIGKTNEKFHQIEKEFSEVEGRVQDLEKYVEDTKIDLWSYNAELLVALENQHTIDLTDSEMNKLFEKTKKQLRENAEDMGNGCFKIYHKCDNACIGSIRNETYDHNVYRDEALNNRFQIKGVELKSGYKDWILWISFAMSCFLLCIALLGFIMWACQKGNIRCNICI	QNIPGNDNSTATLCLGHHAVPNGTIVKTITNDRIEVTNATELVQNSSIGKICNSPHQILDGGNCTLIDALLGDPQCDGFQNKEWDLFVERSRANSSCYPYDVPDYASLRSLVASSGTLEFKDESFNWTGVKQNGKSSACKRESNSSFFSRLNWLTSLDNKYPAQNVTMPNKERFDKLYIWGVHHPDTDRNQFFLFAQSSGRITVSTKRSQQAVIPNIGSRPRVRDIPSRISIYWTIVKPGDILLINSTGNLIAPRGYFKIRSGKSSIMRSDAPIGECKSECITPNGSIPNDKPFQNVNRITYGACPRYVKQSTLKLATGMRNVPEKQARGIFGAIAGFIENGWEGMVDGWYGFRHQNSEGRGQAADLKSTQAAIDQINGKLNRLIGKTNEKFHQIEKEFSEVEGRVQDLEKYVEDTKIDLWSYNAELLVALENQHTIDLTDSEMNKLFEKTKKQLRENAEDMGNGCFKIYHKCDNACIGSIRNETYDHNVYRDEALNNRFQIKGVELKSGYKDWILWISFAMSCFLLCIALLGFIMWACQKGNIRCNICI	1.0	1.0	1.0	2026-02-03	ac692a1	11.0	18.0	5.0	14.0	3.0	1.0	0.009090909091	0.1	105.0	0.0		0.0	0.5240963855	0.0	0.5331872946	True	True	True	True	jamess_h3n2.txt
A/Romania/612042/2026	K:F79I,K207Q,I260M	1	A/Ireland/91576/2025	1	A/Ireland/91576/2025	0	1	QNIPGNDNSTATLCLGHHAVPNGTIVKTITNDRIEVTNATELVQNSSIGKICNSPHQILDGGNCTLIDALLGDPQCDGIQNKEWDLFVERSRANSSCYPYDVPDYASLRSLVASSGTLEFKDESFNWTGVKQNGKSSACKRGSNSSFFSRLNWLTSLDNKYPAQNVTMPNKERFDKLYIWGVHHPDTDRNQFSLFAQSSGRITVSTQRSQQAVIPNIGSRPRVRDIPSRISIYWTIVKPGDILLINSTGNLIAPRGYFKMRSGKSSIMRSDAPIGECKSECITPNGSIPNDKPFQNVNRITYGACPRYVKQSTLKLATGMRNVPEKQAR	GIFGAIAGFIENGWEGMVDGWYGFRHQNSEGRGQAADLKSTQAAIDQINGKLNRLIGKTNEKFHQIEKEFSEVEGRVQDLEKYVEDTKIDLWSYNAELLVALENQHTIDLTDSEMNKLFEKTKKQLRENAEDMGNGCFKIYHKCDNACIGSIRNETYDHNVYRDEALNNRFQIKGVELKSGYKDWILWISFAMSCFLLCIALLGFIMWACQKGNIRCNICI	QNIPGNDNSTATLCLGHHAVPNGTIVKTITNDRIEVTNATELVQNSSIGKICNSPHQILDGGNCTLIDALLGDPQCDGIQNKEWDLFVERSRANSSCYPYDVPDYASLRSLVASSGTLEFKDESFNWTGVKQNGKSSACKRGSNSSFFSRLNWLTSLDNKYPAQNVTMPNKERFDKLYIWGVHHPDTDRNQFSLFAQSSGRITVSTQRSQQAVIPNIGSRPRVRDIPSRISIYWTIVKPGDILLINSTGNLIAPRGYFKMRSGKSSIMRSDAPIGECKSECITPNGSIPNDKPFQNVNRITYGACPRYVKQSTLKLATGMRNVPEKQARGIFGAIAGFIENGWEGMVDGWYGFRHQNSEGRGQAADLKSTQAAIDQINGKLNRLIGKTNEKFHQIEKEFSEVEGRVQDLEKYVEDTKIDLWSYNAELLVALENQHTIDLTDSEMNKLFEKTKKQLRENAEDMGNGCFKIYHKCDNACIGSIRNETYDHNVYRDEALNNRFQIKGVELKSGYKDWILWISFAMSCFLLCIALLGFIMWACQKGNIRCNICI	5.0	1.0	1.0	2026-02-09	81889eb	11.0	19.0	7.0	14.0	2.0	5.0	0.009090909091	0.1	99.0	0.0		0.0	0.5325443787	0.0	0.5416352878	True	True	True	True	turners_h3n2.txt
A/Germany/LRMC_0104/2025	K:V182I	1	A/StPetersburg/RII-25-2157S/2025	1	A/StPetersburg/RII-25-2157S/2025	0	1	QNIPGNDNSTATLCLGHHAVPNGTIVKTITNDRIEVTNATELVQNSSIGKICNSPHQILDGGNCTLIDALLGDPQCDGFQNKEWDLFVERSRANSSCYPYDVPDYASLRSLVASSGTLEFKDESFNWTGVKQNGKSSACKRGSNSSFFSRLNWLTSLDNKYPAQNVTMPNKERFDKLYIWGIHHPDTDRNQFSLFAQSSGRITVSTKRSQQAVIPNIGSRPRVRDIPSRISIYWTIVKPGDILLINSTGNLIAPRGYFKIRSGKSSIMRSDAPIGECKSECITPNGSIPNDKPFQNVNRITYGACPRYVKQSTLKLATGMRNVPEKQAR	GIFGAIAGFIENGWEGMVDGWYGFRHQNSEGRGQAADLKSTQAAIDQINGKLNRLIGKTNEKFHQIEKEFSEVEGRVQDLEKYVEDTKIDLWSYNAELLVALENQHTIDLTDSEMNKLFEKTKKQLRENAEDMGNGCFKIYHKCDNACIGSIRNETYDHNVYRDEALNNRFQIKGVELKSGYKDWILWISFAMSCFLLCIALLGFIMWACQKGNIRCNICI	QNIPGNDNSTATLCLGHHAVPNGTIVKTITNDRIEVTNATELVQNSSIGKICNSPHQILDGGNCTLIDALLGDPQCDGFQNKEWDLFVERSRANSSCYPYDVPDYASLRSLVASSGTLEFKDESFNWTGVKQNGKSSACKRGSNSSFFSRLNWLTSLDNKYPAQNVTMPNKERFDKLYIWGIHHPDTDRNQFSLFAQSSGRITVSTKRSQQAVIPNIGSRPRVRDIPSRISIYWTIVKPGDILLINSTGNLIAPRGYFKIRSGKSSIMRSDAPIGECKSECITPNGSIPNDKPFQNVNRITYGACPRYVKQSTLKLATGMRNVPEKQARGIFGAIAGFIENGWEGMVDGWYGFRHQNSEGRGQAADLKSTQAAIDQINGKLNRLIGKTNEKFHQIEKEFSEVEGRVQDLEKYVEDTKIDLWSYNAELLVALENQHTIDLTDSEMNKLFEKTKKQLRENAEDMGNGCFKIYHKCDNACIGSIRNETYDHNVYRDEALNNRFQIKGVELKSGYKDWILWISFAMSCFLLCIALLGFIMWACQKGNIRCNICI	56.0	11.0	5.0	2026-03-12	a34807a	11.0	17.0	5.0	13.0	2.0	43.0	0.1	0.5	68.0	0.985	0.003363969484	-0.009813257678	0.5	-0.05764224636	0.5423577536	True	True	True	True	huddlej_h3n2.txt
A/California/GKISBBBH79910/2026	K:S199L	1	A/StPetersburg/RII-25-2157S/2025	1	A/StPetersburg/RII-25-2157S/2025	0	0	QNIPGNDNSTATLCLGHHAVPNGTIVKTITNDRIEVTNATELVQNSSIGKICNSPHQILDGGNCTLIDALLGDPQCDGFQNKEWDLFVERSRANSSCYPYDVPDYASLRSLVASSGTLEFKDESFNWTGVKQNGKSSACKRGSNSSFFSRLNWLTSLDNKYPAQNVTMPNKERFDKLYIWGVHHPDTDRNQFSLFAQSLGRITVSTKRSQQAVIPNIGSRPRVRDIPSRISIYWTIVKPGDILLINSTGNLIAPRGYFKIRSGKSSIMRSDAPIGECKSECITPNGSIPNDKPFQNVNRITYGACPRYVKQSTLKLATGMRNVPEKQAR	GIFGAIAGFIENGWEGMVDGWYGFRHQNSEGRGQAADLKSTQAAIDQINGKLNRLIGKTNEKFHQIEKEFSEVEGRVQDLEKYVEDTKIDLWSYNAELLVALENQHTIDLTDSEMNKLFEKTKKQLRENAEDMGNGCFKIYHKCDNACIGSIRNETYDHNVYRDEALNNRFQIKGVELKSGYKDWILWISFAMSCFLLCIALLGFIMWACQKGNIRCNICI	QNIPGNDNSTATLCLGHHAVPNGTIVKTITNDRIEVTNATELVQNSSIGKICNSPHQILDGGNCTLIDALLGDPQCDGFQNKEWDLFVERSRANSSCYPYDVPDYASLRSLVASSGTLEFKDESFNWTGVKQNGKSSACKRGSNSSFFSRLNWLTSLDNKYPAQNVTMPNKERFDKLYIWGVHHPDTDRNQFSLFAQSLGRITVSTKRSQQAVIPNIGSRPRVRDIPSRISIYWTIVKPGDILLINSTGNLIAPRGYFKIRSGKSSIMRSDAPIGECKSECITPNGSIPNDKPFQNVNRITYGACPRYVKQSTLKLATGMRNVPEKQARGIFGAIAGFIENGWEGMVDGWYGFRHQNSEGRGQAADLKSTQAAIDQINGKLNRLIGKTNEKFHQIEKEFSEVEGRVQDLEKYVEDTKIDLWSYNAELLVALENQHTIDLTDSEMNKLFEKTKKQLRENAEDMGNGCFKIYHKCDNACIGSIRNETYDHNVYRDEALNNRFQIKGVELKSGYKDWILWISFAMSCFLLCIALLGFIMWACQKGNIRCNICI	24.0	6.0	5.0	2026-03-16	f631e8f	11.0	17.0	5.0	12.0	2.0	21.0	0.05454545455	0.5	64.0	0.0		0.0	0.4903225806	0.0	0.5448680352	True	True	True	True	huddlej_h3n2.txt
A/Germany/LRMC_0113/2025	K:P169A	1	A/StPetersburg/RII-25-2157S/2025	1	A/StPetersburg/RII-25-2157S/2025	0	0	QNIPGNDNSTATLCLGHHAVPNGTIVKTITNDRIEVTNATELVQNSSIGKICNSPHQILDGGNCTLIDALLGDPQCDGFQNKEWDLFVERSRANSSCYPYDVPDYASLRSLVASSGTLEFKDESFNWTGVKQNGKSSACKRGSNSSFFSRLNWLTSLDNKYPAQNVTMANKERFDKLYIWGVHHPDTDRNQFSLFAQSSGRITVSTKRSQQAVIPNIGSRPRVRDIPSRISIYWTIVKPGDILLINSTGNLIAPRGYFKIRSGKSSIMRSDAPIGECKSECITPNGSIPNDKPFQNVNRITYGACPRYVKQSTLKLATGMRNVPEKQAR	GIFGAIAGFIENGWEGMVDGWYGFRHQNSEGRGQAADLKSTQAAIDQINGKLNRLIGKTNEKFHQIEKEFSEVEGRVQDLEKYVEDTKIDLWSYNAELLVALENQHTIDLTDSEMNKLFEKTKKQLRENAEDMGNGCFKIYHKCDNACIGSIRNETYDHNVYRDEALNNRFQIKGVELKSGYKDWILWISFAMSCFLLCIALLGFIMWACQKGNIRCNICI	QNIPGNDNSTATLCLGHHAVPNGTIVKTITNDRIEVTNATELVQNSSIGKICNSPHQILDGGNCTLIDALLGDPQCDGFQNKEWDLFVERSRANSSCYPYDVPDYASLRSLVASSGTLEFKDESFNWTGVKQNGKSSACKRGSNSSFFSRLNWLTSLDNKYPAQNVTMANKERFDKLYIWGVHHPDTDRNQFSLFAQSSGRITVSTKRSQQAVIPNIGSRPRVRDIPSRISIYWTIVKPGDILLINSTGNLIAPRGYFKIRSGKSSIMRSDAPIGECKSECITPNGSIPNDKPFQNVNRITYGACPRYVKQSTLKLATGMRNVPEKQARGIFGAIAGFIENGWEGMVDGWYGFRHQNSEGRGQAADLKSTQAAIDQINGKLNRLIGKTNEKFHQIEKEFSEVEGRVQDLEKYVEDTKIDLWSYNAELLVALENQHTIDLTDSEMNKLFEKTKKQLRENAEDMGNGCFKIYHKCDNACIGSIRNETYDHNVYRDEALNNRFQIKGVELKSGYKDWILWISFAMSCFLLCIALLGFIMWACQKGNIRCNICI	14.0	5.0	2.0	2026-02-03	7bcd71a	11.0	17.0	6.0	12.0	2.0	12.0	0.04545454545	0.2	105.0	0.0		0.0	0.5	0.0	0.5454545455	True	True	True	True	turners_h3n2.txt
A/France/HDF-RELAB-IPP00303/2026	K:T128I	1	A/StPetersburg/RII-25-2157S/2025	1	A/StPetersburg/RII-25-2157S/2025	0	1	QNIPGNDNSTATLCLGHHAVPNGTIVKTITNDRIEVTNATELVQNSSIGKICNSPHQILDGGNCTLIDALLGDPQCDGFQNKEWDLFVERSRANSSCYPYDVPDYASLRSLVASSGTLEFKDESFNWIGVKQNGKSSACKRGSNSSFFSRLNWLTSLDNKYPAQNVTMPNKERFDKLYIWGVHHPDTDRNQFSLFAQSSGRITVSTKRSQQAVIPNIGSRPRVRDIPSRISIYWTIVKPGDILLINSTGNLIAPRGYFKIRSGKSSIMRSDAPIGECKSECITPNGSIPNDKPFQNVNRITYGACPRYVKQSTLKLATGMRNVPEKQAR	GIFGAIAGFIENGWEGMVDGWYGFRHQNSEGRGQAADLKSTQAAIDQINGKLNRLIGKTNEKFHQIEKEFSEVEGRVQDLEKYVEDTKIDLWSYNAELLVALENQHTIDLTDSEMNKLFEKTKKQLRENAEDMGNGCFKIYHKCDNACIGSIRNETYDHNVYRDEALNNRFQIKGVELKSGYKDWILWISFAMSCFLLCIALLGFIMWACQKGNIRCNICI	QNIPGNDNSTATLCLGHHAVPNGTIVKTITNDRIEVTNATELVQNSSIGKICNSPHQILDGGNCTLIDALLGDPQCDGFQNKEWDLFVERSRANSSCYPYDVPDYASLRSLVASSGTLEFKDESFNWIGVKQNGKSSACKRGSNSSFFSRLNWLTSLDNKYPAQNVTMPNKERFDKLYIWGVHHPDTDRNQFSLFAQSSGRITVSTKRSQQAVIPNIGSRPRVRDIPSRISIYWTIVKPGDILLINSTGNLIAPRGYFKIRSGKSSIMRSDAPIGECKSECITPNGSIPNDKPFQNVNRITYGACPRYVKQSTLKLATGMRNVPEKQARGIFGAIAGFIENGWEGMVDGWYGFRHQNSEGRGQAADLKSTQAAIDQINGKLNRLIGKTNEKFHQIEKEFSEVEGRVQDLEKYVEDTKIDLWSYNAELLVALENQHTIDLTDSEMNKLFEKTKKQLRENAEDMGNGCFKIYHKCDNACIGSIRNETYDHNVYRDEALNNRFQIKGVELKSGYKDWILWISFAMSCFLLCIALLGFIMWACQKGNIRCNICI	21.0	5.0	3.0	2026-02-28	b0f621e	10.0	17.0	5.0	13.0	2.0	21.0	0.04545454545	0.3	80.0	0.0		0.0	0.5	0.0	0.5454545455	True	True	True	True	turners_h3n2.txt
A/StPetersburg/RII-25-2506S/2026	K:S145N,V223I	1	A/StPetersburg/RII-25-2042S/2025	1	A/StPetersburg/RII-25-2042S/2025	1	1	QNIPGNDNSTATLCLGHHAVPNGTIVKTITNDRIEVTNATELVQNSSIGKICNSPHQILDGGNCTLIDALLGDPQCDGFQNKEWDLFVERSRANSSCYPYDVPDYASLRSLVASSGTLEFKDESFNWTGVKQNGKSSACKRGSNNSFFSRLNWLTSLDNKYPAQNVTMPNKERFDKLYIWGVHHPDTDRNQFSLFAQSSGRITVSTKRSQQAVIPNIGSRPRIRDIPSRISIYWTIVKPGDILLINSTGNLIAPRGYFKIRSGKSSIMRSDAPIGECKSECITPNGSIPNDKPFQNVNRITYGACPRYVKQSTLKLATGMRNVPEKQAR	GIFGAIAGFIENGWEGMVDGWYGFRHQNSEGRGQAADLKSTQAAIDQINGKLNRLIGKTNEKFHQIEKEFSEVEGRVQDLEKYVEDTKIDLWSYNAELLVALENQHTIDLTDSEMNKLFEKTKKQLRENAEDMGNGCFKIYHKCDNACIGSIRNETYDHNVYRDEALNNRFQIKGVELKSGYKDWILWISFAMSCFLLCIALLGFIMWACQKGNIRCNICI	QNIPGNDNSTATLCLGHHAVPNGTIVKTITNDRIEVTNATELVQNSSIGKICNSPHQILDGGNCTLIDALLGDPQCDGFQNKEWDLFVERSRANSSCYPYDVPDYASLRSLVASSGTLEFKDESFNWTGVKQNGKSSACKRGSNNSFFSRLNWLTSLDNKYPAQNVTMPNKERFDKLYIWGVHHPDTDRNQFSLFAQSSGRITVSTKRSQQAVIPNIGSRPRIRDIPSRISIYWTIVKPGDILLINSTGNLIAPRGYFKIRSGKSSIMRSDAPIGECKSECITPNGSIPNDKPFQNVNRITYGACPRYVKQSTLKLATGMRNVPEKQARGIFGAIAGFIENGWEGMVDGWYGFRHQNSEGRGQAADLKSTQAAIDQINGKLNRLIGKTNEKFHQIEKEFSEVEGRVQDLEKYVEDTKIDLWSYNAELLVALENQHTIDLTDSEMNKLFEKTKKQLRENAEDMGNGCFKIYHKCDNACIGSIRNETYDHNVYRDEALNNRFQIKGVELKSGYKDWILWISFAMSCFLLCIALLGFIMWACQKGNIRCNICI	7.0	3.0	3.0	2026-01-11	fd9a9c0	11.0	16.0	6.0	13.0	3.0	5.0	0.02727272727	0.3	128.0	0.0		0.0	0.5182926829	0.0	0.5455654102	True	True	True	True	turners_h3n2.txt
A/Castellon/VAHNSI_02_02400/2025	K:S198A	1	A/StPetersburg/RII-25-2157S/2025	1	A/StPetersburg/RII-25-2157S/2025	0	1	QNIPGNDNSTATLCLGHHAVPNGTIVKTITNDRIEVTNATELVQNSSIGKICNSPHQILDGGNCTLIDALLGDPQCDGFQNKEWDLFVERSRANSSCYPYDVPDYASLRSLVASSGTLEFKDESFNWTGVKQNGKSSACKRGSNSSFFSRLNWLTSLDNKYPAQNVTMPNKERFDKLYIWGVHHPDTDRNQFSLFAQASGRITVSTKRSQQAVIPNIGSRPRVRDIPSRISIYWTIVKPGDILLINSTGNLIAPRGYFKIRSGKSSIMRSDAPIGECKSECITPNGSIPNDKPFQNVNRITYGACPRYVKQSTLKLATGMRNVPEKQAR	GIFGAIAGFIENGWEGMVDGWYGFRHQNSEGRGQAADLKSTQAAIDQINGKLNRLIGKTNEKFHQIEKEFSEVEGRVQDLEKYVEDTKIDLWSYNAELLVALENQHTIDLTDSEMNKLFEKTKKQLRENAEDMGNGCFKIYHKCDNACIGSIRNETYDHNVYRDEALNNRFQIKGVELKSGYKDWILWISFAMSCFLLCIALLGFIMWACQKGNIRCNICI	QNIPGNDNSTATLCLGHHAVPNGTIVKTITNDRIEVTNATELVQNSSIGKICNSPHQILDGGNCTLIDALLGDPQCDGFQNKEWDLFVERSRANSSCYPYDVPDYASLRSLVASSGTLEFKDESFNWTGVKQNGKSSACKRGSNSSFFSRLNWLTSLDNKYPAQNVTMPNKERFDKLYIWGVHHPDTDRNQFSLFAQASGRITVSTKRSQQAVIPNIGSRPRVRDIPSRISIYWTIVKPGDILLINSTGNLIAPRGYFKIRSGKSSIMRSDAPIGECKSECITPNGSIPNDKPFQNVNRITYGACPRYVKQSTLKLATGMRNVPEKQARGIFGAIAGFIENGWEGMVDGWYGFRHQNSEGRGQAADLKSTQAAIDQINGKLNRLIGKTNEKFHQIEKEFSEVEGRVQDLEKYVEDTKIDLWSYNAELLVALENQHTIDLTDSEMNKLFEKTKKQLRENAEDMGNGCFKIYHKCDNACIGSIRNETYDHNVYRDEALNNRFQIKGVELKSGYKDWILWISFAMSCFLLCIALLGFIMWACQKGNIRCNICI	1.0	1.0	1.0	2025-12-07	14df19e	11.0	17.0	6.0	13.0	2.0	1.0	0.009090909091	0.1	163.0	0.0		0.0	0.5093167702	0.0	0.5184076793	True	True	True	True	turners_h3n2.txt
A/Badajoz/18738342/2026	K:E172D	1	A/StPetersburg/RII-25-2157S/2025	1	A/StPetersburg/RII-25-2157S/2025	0	1	QNIPGNDNSTATLCLGHHAVPNGTIVKTITNDRIEVTNATELVQNSSIGKICNSPHQILDGGNCTLIDALLGDPQCDGFQNKEWDLFVERSRANSSCYPYDVPDYASLRSLVASSGTLEFKDESFNWTGVKQNGKSSACKRGSNSSFFSRLNWLTSLDNKYPAQNVTMPNKDRFDKLYIWGVHHPDTDRNQFSLFAQSSGRITVSTKRSQQAVIPNIGSRPRVRDIPSRISIYWTIVKPGDILLINSTGNLIAPRGYFKIRSGKSSIMRSDAPIGECKSECITPNGSIPNDKPFQNVNRITYGACPRYVKQSTLKLATGMRNVPEKQAR	GIFGAIAGFIENGWEGMVDGWYGFRHQNSEGRGQAADLKSTQAAIDQINGKLNRLIGKTNEKFHQIEKEFSEVEGRVQDLEKYVEDTKIDLWSYNAELLVALENQHTIDLTDSEMNKLFEKTKKQLRENAEDMGNGCFKIYHKCDNACIGSIRNETYDHNVYRDEALNNRFQIKGVELKSGYKDWILWISFAMSCFLLCIALLGFIMWACQKGNIRCNICI	QNIPGNDNSTATLCLGHHAVPNGTIVKTITNDRIEVTNATELVQNSSIGKICNSPHQILDGGNCTLIDALLGDPQCDGFQNKEWDLFVERSRANSSCYPYDVPDYASLRSLVASSGTLEFKDESFNWTGVKQNGKSSACKRGSNSSFFSRLNWLTSLDNKYPAQNVTMPNKDRFDKLYIWGVHHPDTDRNQFSLFAQSSGRITVSTKRSQQAVIPNIGSRPRVRDIPSRISIYWTIVKPGDILLINSTGNLIAPRGYFKIRSGKSSIMRSDAPIGECKSECITPNGSIPNDKPFQNVNRITYGACPRYVKQSTLKLATGMRNVPEKQARGIFGAIAGFIENGWEGMVDGWYGFRHQNSEGRGQAADLKSTQAAIDQINGKLNRLIGKTNEKFHQIEKEFSEVEGRVQDLEKYVEDTKIDLWSYNAELLVALENQHTIDLTDSEMNKLFEKTKKQLRENAEDMGNGCFKIYHKCDNACIGSIRNETYDHNVYRDEALNNRFQIKGVELKSGYKDWILWISFAMSCFLLCIALLGFIMWACQKGNIRCNICI	3.0	3.0	2.0	2026-01-25	4928fb0	11.0	17.0	5.0	13.0	2.0	2.0	0.02727272727	0.2	114.0	0.0		0.0	0.5	0.0	0.5272727273	True	True	True	True	turners_h3n2.txt
A/Michigan/UM-10068747355/2026	K:S156N	1	A/StPetersburg/RII-25-2157S/2025	1	A/StPetersburg/RII-25-2157S/2025	1	1	QNIPGNDNSTATLCLGHHAVPNGTIVKTITNDRIEVTNATELVQNSSIGKICNSPHQILDGGNCTLIDALLGDPQCDGFQNKEWDLFVERSRANSSCYPYDVPDYASLRSLVASSGTLEFKDESFNWTGVKQNGKSSACKRGSNSSFFSRLNWLTNLDNKYPAQNVTMPNKERFDKLYIWGVHHPDTDRNQFSLFAQSSGRITVSTKRSQQAVIPNIGSRPRVRDIPSRISIYWTIVKPGDILLINSTGNLIAPRGYFKIRSGKSSIMRSDAPIGECKSECITPNGSIPNDKPFQNVNRITYGACPRYVKQSTLKLATGMRNVPEKQAR	GIFGAIAGFIENGWEGMVDGWYGFRHQNSEGRGQAADLKSTQAAIDQINGKLNRLIGKTNEKFHQIEKEFSEVEGRVQDLEKYVEDTKIDLWSYNAELLVALENQHTIDLTDSEMNKLFEKTKKQLRENAEDMGNGCFKIYHKCDNACIGSIRNETYDHNVYRDEALNNRFQIKGVELKSGYKDWILWISFAMSCFLLCIALLGFIMWACQKGNIRCNICI	QNIPGNDNSTATLCLGHHAVPNGTIVKTITNDRIEVTNATELVQNSSIGKICNSPHQILDGGNCTLIDALLGDPQCDGFQNKEWDLFVERSRANSSCYPYDVPDYASLRSLVASSGTLEFKDESFNWTGVKQNGKSSACKRGSNSSFFSRLNWLTNLDNKYPAQNVTMPNKERFDKLYIWGVHHPDTDRNQFSLFAQSSGRITVSTKRSQQAVIPNIGSRPRVRDIPSRISIYWTIVKPGDILLINSTGNLIAPRGYFKIRSGKSSIMRSDAPIGECKSECITPNGSIPNDKPFQNVNRITYGACPRYVKQSTLKLATGMRNVPEKQARGIFGAIAGFIENGWEGMVDGWYGFRHQNSEGRGQAADLKSTQAAIDQINGKLNRLIGKTNEKFHQIEKEFSEVEGRVQDLEKYVEDTKIDLWSYNAELLVALENQHTIDLTDSEMNKLFEKTKKQLRENAEDMGNGCFKIYHKCDNACIGSIRNETYDHNVYRDEALNNRFQIKGVELKSGYKDWILWISFAMSCFLLCIALLGFIMWACQKGNIRCNICI	2.0	2.0	2.0	2026-01-13	3f498fb	11.0	17.0	5.0	13.0	3.0	2.0	0.01818181818	0.2	126.0	0.0		0.0	0.512345679	0.0	0.5305274972	True	True	True	True	jamess_h3n2.txt
A/Thuringen/39/2026	K:L157S	1	A/StPetersburg/RII-25-2157S/2025	1	A/StPetersburg/RII-25-2157S/2025	0	1	QNIPGNDNSTATLCLGHHAVPNGTIVKTITNDRIEVTNATELVQNSSIGKICNSPHQILDGGNCTLIDALLGDPQCDGFQNKEWDLFVERSRANSSCYPYDVPDYASLRSLVASSGTLEFKDESFNWTGVKQNGKSSACKRGSNSSFFSRLNWLTSSDNKYPAQNVTMPNKERFDKLYIWGVHHPDTDRNQFSLFAQSSGRITVSTKRSQQAVIPNIGSRPRVRDIPSRISIYWTIVKPGDILLINSTGNLIAPRGYFKIRSGKSSIMRSDAPIGECKSECITPNGSIPNDKPFQNVNRITYGACPRYVKQSTLKLATGMRNVPEKQAR	GIFGAIAGFIENGWEGMVDGWYGFRHQNSEGRGQAADLKSTQAAIDQINGKLNRLIGKTNEKFHQIEKEFSEVEGRVQDLEKYVEDTKIDLWSYNAELLVALENQHTIDLTDSEMNKLFEKTKKQLRENAEDMGNGCFKIYHKCDNACIGSIRNETYDHNVYRDEALNNRFQIKGVELKSGYKDWILWISFAMSCFLLCIALLGFIMWACQKGNIRCNICI	QNIPGNDNSTATLCLGHHAVPNGTIVKTITNDRIEVTNATELVQNSSIGKICNSPHQILDGGNCTLIDALLGDPQCDGFQNKEWDLFVERSRANSSCYPYDVPDYASLRSLVASSGTLEFKDESFNWTGVKQNGKSSACKRGSNSSFFSRLNWLTSSDNKYPAQNVTMPNKERFDKLYIWGVHHPDTDRNQFSLFAQSSGRITVSTKRSQQAVIPNIGSRPRVRDIPSRISIYWTIVKPGDILLINSTGNLIAPRGYFKIRSGKSSIMRSDAPIGECKSECITPNGSIPNDKPFQNVNRITYGACPRYVKQSTLKLATGMRNVPEKQARGIFGAIAGFIENGWEGMVDGWYGFRHQNSEGRGQAADLKSTQAAIDQINGKLNRLIGKTNEKFHQIEKEFSEVEGRVQDLEKYVEDTKIDLWSYNAELLVALENQHTIDLTDSEMNKLFEKTKKQLRENAEDMGNGCFKIYHKCDNACIGSIRNETYDHNVYRDEALNNRFQIKGVELKSGYKDWILWISFAMSCFLLCIALLGFIMWACQKGNIRCNICI	3.0	3.0	2.0	2026-01-22	daf704f	11.0	17.0	5.0	13.0	2.0	2.0	0.02727272727	0.2	117.0	0.0		0.0	0.5	0.0	0.5272727273	True	True	True	True	jamess_h3n2.txt
A/England/USAFSAM-17162/2025	K:K135E	1	A/StPetersburg/RII-25-2157S/2025	1	A/StPetersburg/RII-25-2157S/2025	0	1	QNIPGNDNSTATLCLGHHAVPNGTIVKTITNDRIEVTNATELVQNSSIGKICNSPHQILDGGNCTLIDALLGDPQCDGFQNKEWDLFVERSRANSSCYPYDVPDYASLRSLVASSGTLEFKDESFNWTGVKQNGESSACKRGSNSSFFSRLNWLTSLDNKYPAQNVTMPNKERFDKLYIWGVHHPDTDRNQFSLFAQSSGRITVSTKRSQQAVIPNIGSRPRVRDIPSRISIYWTIVKPGDILLINSTGNLIAPRGYFKIRSGKSSIMRSDAPIGECKSECITPNGSIPNDKPFQNVNRITYGACPRYVKQSTLKLATGMRNVPEKQAR	GIFGAIAGFIENGWEGMVDGWYGFRHQNSEGRGQAADLKSTQAAIDQINGKLNRLIGKTNEKFHQIEKEFSEVEGRVQDLEKYVEDTKIDLWSYNAELLVALENQHTIDLTDSEMNKLFEKTKKQLRENAEDMGNGCFKIYHKCDNACIGSIRNETYDHNVYRDEALNNRFQIKGVELKSGYKDWILWISFAMSCFLLCIALLGFIMWACQKGNIRCNICI	QNIPGNDNSTATLCLGHHAVPNGTIVKTITNDRIEVTNATELVQNSSIGKICNSPHQILDGGNCTLIDALLGDPQCDGFQNKEWDLFVERSRANSSCYPYDVPDYASLRSLVASSGTLEFKDESFNWTGVKQNGESSACKRGSNSSFFSRLNWLTSLDNKYPAQNVTMPNKERFDKLYIWGVHHPDTDRNQFSLFAQSSGRITVSTKRSQQAVIPNIGSRPRVRDIPSRISIYWTIVKPGDILLINSTGNLIAPRGYFKIRSGKSSIMRSDAPIGECKSECITPNGSIPNDKPFQNVNRITYGACPRYVKQSTLKLATGMRNVPEKQARGIFGAIAGFIENGWEGMVDGWYGFRHQNSEGRGQAADLKSTQAAIDQINGKLNRLIGKTNEKFHQIEKEFSEVEGRVQDLEKYVEDTKIDLWSYNAELLVALENQHTIDLTDSEMNKLFEKTKKQLRENAEDMGNGCFKIYHKCDNACIGSIRNETYDHNVYRDEALNNRFQIKGVELKSGYKDWILWISFAMSCFLLCIALLGFIMWACQKGNIRCNICI	6.0	4.0	3.0	2026-03-09	0ba430d	10.83333333	16.0	4.0	12.0	2.0	5.0	0.03636363636	0.3	71.0	0.0		0.0	0.4768211921	0.0	0.5131848284	True	True	True	True	turners_h3n2.txt
A/Trieste/257/2025	K:V223I,K238N	1	A/StPetersburg/RII-25-2042S/2025	1	A/StPetersburg/RII-25-2042S/2025	0	1	QNIPGNDNSTATLCLGHHAVPNGTIVKTITNDRIEVTNATELVQNSSIGKICNSPHQILDGGNCTLIDALLGDPQCDGFQNKEWDLFVERSRANSSCYPYDVPDYASLRSLVASSGTLEFKDESFNWTGVKQNGKSSACKRGSNSSFFSRLNWLTSLDNKYPAQNVTMPNKERFDKLYIWGVHHPDTDRNQFSLFAQSSGRITVSTKRSQQAVIPNIGSRPRIRDIPSRISIYWTIVNPGDILLINSTGNLIAPRGYFKIRSGKSSIMRSDAPIGECKSECITPNGSIPNDKPFQNVNRITYGACPRYVKQSTLKLATGMRNVPEKQAR	GIFGAIAGFIENGWEGMVDGWYGFRHQNSEGRGQAADLKSTQAAIDQINGKLNRLIGKTNEKFHQIEKEFSEVEGRVQDLEKYVEDTKIDLWSYNAELLVALENQHTIDLTDSEMNKLFEKTKKQLRENAEDMGNGCFKIYHKCDNACIGSIRNETYDHNVYRDEALNNRFQIKGVELKSGYKDWILWISFAMSCFLLCIALLGFIMWACQKGNIRCNICI	QNIPGNDNSTATLCLGHHAVPNGTIVKTITNDRIEVTNATELVQNSSIGKICNSPHQILDGGNCTLIDALLGDPQCDGFQNKEWDLFVERSRANSSCYPYDVPDYASLRSLVASSGTLEFKDESFNWTGVKQNGKSSACKRGSNSSFFSRLNWLTSLDNKYPAQNVTMPNKERFDKLYIWGVHHPDTDRNQFSLFAQSSGRITVSTKRSQQAVIPNIGSRPRIRDIPSRISIYWTIVNPGDILLINSTGNLIAPRGYFKIRSGKSSIMRSDAPIGECKSECITPNGSIPNDKPFQNVNRITYGACPRYVKQSTLKLATGMRNVPEKQARGIFGAIAGFIENGWEGMVDGWYGFRHQNSEGRGQAADLKSTQAAIDQINGKLNRLIGKTNEKFHQIEKEFSEVEGRVQDLEKYVEDTKIDLWSYNAELLVALENQHTIDLTDSEMNKLFEKTKKQLRENAEDMGNGCFKIYHKCDNACIGSIRNETYDHNVYRDEALNNRFQIKGVELKSGYKDWILWISFAMSCFLLCIALLGFIMWACQKGNIRCNICI	6.0	1.0	1.0	2025-12-24	1b1b8e6	11.0	16.0	6.0	13.0	2.0	5.0	0.009090909091	0.1	146.0	0.0		0.0	0.50625	0.0	0.5153409091	True	True	True	True	turners_h3n2.txt
A/Saskatchewan/SKFLU477299/2025	K:N144D,K278E	2	A/StPetersburg/RII-25-2157S/2025	2	A/StPetersburg/RII-25-2157S/2025	0	2	QNIPGNDNSTATLCLGHHAVPNGTIVKTITNDRIEVTNATELVQNSSIGKICNSPHQILDGGNCTLIDALLGDPQCDGFQNKEWDLFVERSRANSSCYPYDVPDYASLRSLVASSGTLEFKDESFNWTGVKQNGKSSACKRGSDSSFFSRLNWLTSLDNKYPAQNVTMPNKERFDKLYIWGVHHPDTDRNQFSLFAQSSGRITVSTKRSQQAVIPNIGSRPRVRDIPSRISIYWTIVKPGDILLINSTGNLIAPRGYFKIRSGKSSIMRSDAPIGECESECITPNGSIPNDKPFQNVNRITYGACPRYVKQSTLKLATGMRNVPEKQAR	GIFGAIAGFIENGWEGMVDGWYGFRHQNSEGRGQAADLKSTQAAIDQINGKLNRLIGKTNEKFHQIEKEFSEVEGRVQDLEKYVEDTKIDLWSYNAELLVALENQHTIDLTDSEMNKLFEKTKKQLRENAEDMGNGCFKIYHKCDNACIGSIRNETYDHNVYRDEALNNRFQIKGVELKSGYKDWILWISFAMSCFLLCIALLGFIMWACQKGNIRCNICI	QNIPGNDNSTATLCLGHHAVPNGTIVKTITNDRIEVTNATELVQNSSIGKICNSPHQILDGGNCTLIDALLGDPQCDGFQNKEWDLFVERSRANSSCYPYDVPDYASLRSLVASSGTLEFKDESFNWTGVKQNGKSSACKRGSDSSFFSRLNWLTSLDNKYPAQNVTMPNKERFDKLYIWGVHHPDTDRNQFSLFAQSSGRITVSTKRSQQAVIPNIGSRPRVRDIPSRISIYWTIVKPGDILLINSTGNLIAPRGYFKIRSGKSSIMRSDAPIGECESECITPNGSIPNDKPFQNVNRITYGACPRYVKQSTLKLATGMRNVPEKQARGIFGAIAGFIENGWEGMVDGWYGFRHQNSEGRGQAADLKSTQAAIDQINGKLNRLIGKTNEKFHQIEKEFSEVEGRVQDLEKYVEDTKIDLWSYNAELLVALENQHTIDLTDSEMNKLFEKTKKQLRENAEDMGNGCFKIYHKCDNACIGSIRNETYDHNVYRDEALNNRFQIKGVELKSGYKDWILWISFAMSCFLLCIALLGFIMWACQKGNIRCNICI	101.0	3.0	2.0	2026-03-27	13f6afa	10.0	17.0	5.0	13.0	2.0	70.0	0.02727272727	0.2	53.0	0.993	0.006067159248	-0.001724234805	0.5	-0.01012800954	0.5171447177	True	True	True	True	huddlej_h3n2.txt
A/Netherlands/888/2026	K:K207Q,V223I,S312N	2	A/Luxembourg/LNS9132577/2026	2	A/Luxembourg/LNS9132577/2026	0	1	QNIPGNDNSTATLCLGHHAVPNGTIVKTITNDRIEVTNATELVQNSSIGKICNSPHQILDGGNCTLIDALLGDPQCDGFQNKEWDLFVERSRANSSCYPYDVPDYASLRSLVASSGTLEFKDESFNWTGVKQNGKSSACKRGSNSSFFSRLNWLTSLDNKYPAQNVTMPNKERFDKLYIWGVHHPDTDRNQFSLFAQSSGRITVSTQRSQQAVIPNIGSRPRIRDIPSRISIYWTIVKPGDILLINSTGNLIAPRGYFKIRSGKSSIMRSDAPIGECKSECITPNGSIPNDKPFQNVNRITYGACPRYVKQNTLKLATGMRNVPEKQAR	GIFGAIAGFIENGWEGMVDGWYGFRHQNSEGRGQAADLKSTQAAIDQINGKLNRLIGKTNEKFHQIEKEFSEVEGRVQDLEKYVEDTKIDLWSYNAELLVALENQHTIDLTDSEMNKLFEKTKKQLRENAEDMGNGCFKIYHKCDNACIGSIRNETYDHNVYRDEALNNRFQIKGVELKSGYKDWILWISFAMSCFLLCIALLGFIMWACQKGNIRCNICI	QNIPGNDNSTATLCLGHHAVPNGTIVKTITNDRIEVTNATELVQNSSIGKICNSPHQILDGGNCTLIDALLGDPQCDGFQNKEWDLFVERSRANSSCYPYDVPDYASLRSLVASSGTLEFKDESFNWTGVKQNGKSSACKRGSNSSFFSRLNWLTSLDNKYPAQNVTMPNKERFDKLYIWGVHHPDTDRNQFSLFAQSSGRITVSTQRSQQAVIPNIGSRPRIRDIPSRISIYWTIVKPGDILLINSTGNLIAPRGYFKIRSGKSSIMRSDAPIGECKSECITPNGSIPNDKPFQNVNRITYGACPRYVKQNTLKLATGMRNVPEKQARGIFGAIAGFIENGWEGMVDGWYGFRHQNSEGRGQAADLKSTQAAIDQINGKLNRLIGKTNEKFHQIEKEFSEVEGRVQDLEKYVEDTKIDLWSYNAELLVALENQHTIDLTDSEMNKLFEKTKKQLRENAEDMGNGCFKIYHKCDNACIGSIRNETYDHNVYRDEALNNRFQIKGVELKSGYKDWILWISFAMSCFLLCIALLGFIMWACQKGNIRCNICI	4.0	2.0	1.0	2026-03-12	f380d16	11.0	17.0	6.0	14.0	2.0	3.0	0.01818181818	0.1	68.0	0.0		0.0	0.5182926829	0.0	0.5364745011	True	True	True	True	turners_h3n2.txt
A/StPetersburg/RII-25-2116S/2025	K:Q80K	1	A/StPetersburg/RII-25-2157S/2025	2	A/StPetersburg/RII-25-2157S/2025	0	1	QNIPGNDNSTATLCLGHHAVPNGTIVKTITNDRIEVTNATELVQNSSIGKICNSPHQILDGGNCTLIDALLGDPQCDGFKNKEWDLFVERSRANSSCYPYDVPDYASLRSLVASSGTLEFKDESFNWTGVKQNGKSSACKRGSNSSFFSRLNWLTSLDNKYPAQNVTMPNKERFDKLYIWGVHHPDTDRNQFSLFAQSSGRITVSTKRSQQAVIPNIGSRPRVRDIPSRISIYWTIVKPGDILLINSTGNLIAPRGYFKIRSGKSSIMRSDAPIGECKSECITPNGSIPNDKPFQNVNRITYGACPRYVKQSTLKLATGMRNVPEKQAR	GIFGAIAGFIENGWEGMVDGWYGFRHQNSEGRGQAADLKSTQAAIDQINGKLNRLIGKTNEKFHQIEKEFSEVEGRIQDLEKYVEDTKIDLWSYNAELLVALENQHTIDLTDSEMNKLFEKTKKQLRENAEDMGNGCFKIYHKCDNACIGSIRNETYDHNVYRDEALNNRFQIKGVELKSGYKDWILWISFAMSCFLLCIALLGFIMWACQKGNIRCNICI	QNIPGNDNSTATLCLGHHAVPNGTIVKTITNDRIEVTNATELVQNSSIGKICNSPHQILDGGNCTLIDALLGDPQCDGFKNKEWDLFVERSRANSSCYPYDVPDYASLRSLVASSGTLEFKDESFNWTGVKQNGKSSACKRGSNSSFFSRLNWLTSLDNKYPAQNVTMPNKERFDKLYIWGVHHPDTDRNQFSLFAQSSGRITVSTKRSQQAVIPNIGSRPRVRDIPSRISIYWTIVKPGDILLINSTGNLIAPRGYFKIRSGKSSIMRSDAPIGECKSECITPNGSIPNDKPFQNVNRITYGACPRYVKQSTLKLATGMRNVPEKQARGIFGAIAGFIENGWEGMVDGWYGFRHQNSEGRGQAADLKSTQAAIDQINGKLNRLIGKTNEKFHQIEKEFSEVEGRIQDLEKYVEDTKIDLWSYNAELLVALENQHTIDLTDSEMNKLFEKTKKQLRENAEDMGNGCFKIYHKCDNACIGSIRNETYDHNVYRDEALNNRFQIKGVELKSGYKDWILWISFAMSCFLLCIALLGFIMWACQKGNIRCNICI	150.0	5.0	4.0	2026-02-27	9c40e8d	10.99333333	16.99333333	4.993333333	12.99333333	1.993333333	117.0	0.04545454545	0.4	81.0	1.014	0.009010632546	0.0192032853	0.4997678247	0.1127984751	0.6580208453	True	True	True	True	huddlej_h3n2.txt
A/Montana/51/2025	K:R33Q,S124N	2	A/StPetersburg/RII-25-2157S/2025	2	A/StPetersburg/RII-25-2157S/2025	0	1	QNIPGNDNSTATLCLGHHAVPNGTIVKTITNDQIEVTNATELVQNSSIGKICNSPHQILDGGNCTLIDALLGDPQCDGFQNKEWDLFVERSRANSSCYPYDVPDYASLRSLVASSGTLEFKDENFNWTGVKQNGKSSACKRGSNSSFFSRLNWLTSLDNKYPAQNVTMPNKERFDKLYIWGVHHPDTDRNQFSLFAQSSGRITVSTKRSQQAVIPNIGSRPRVRDIPSRISIYWTIVKPGDILLINSTGNLIAPRGYFKIRSGKSSIMRSDAPIGECKSECITPNGSIPNDKPFQNVNRITYGACPRYVKQSTLKLATGMRNVPEKQAR	GIFGAIAGFIENGWEGMVDGWYGFRHQNSEGRGQAADLKSTQAAIDQINGKLNRLIGKTNEKFHQIEKEFSEVEGRVQDLEKYVEDTKIDLWSYNAELLVALENQHTIDLTDSEMNKLFEKTKKQLRENAEDMGNGCFKIYHKCDNACIGSIRNETYDHNVYRDEALNNRFQIKGVELKSGYKDWILWISFAMSCFLLCIALLGFIMWACQKGNIRCNICI	QNIPGNDNSTATLCLGHHAVPNGTIVKTITNDQIEVTNATELVQNSSIGKICNSPHQILDGGNCTLIDALLGDPQCDGFQNKEWDLFVERSRANSSCYPYDVPDYASLRSLVASSGTLEFKDENFNWTGVKQNGKSSACKRGSNSSFFSRLNWLTSLDNKYPAQNVTMPNKERFDKLYIWGVHHPDTDRNQFSLFAQSSGRITVSTKRSQQAVIPNIGSRPRVRDIPSRISIYWTIVKPGDILLINSTGNLIAPRGYFKIRSGKSSIMRSDAPIGECKSECITPNGSIPNDKPFQNVNRITYGACPRYVKQSTLKLATGMRNVPEKQARGIFGAIAGFIENGWEGMVDGWYGFRHQNSEGRGQAADLKSTQAAIDQINGKLNRLIGKTNEKFHQIEKEFSEVEGRVQDLEKYVEDTKIDLWSYNAELLVALENQHTIDLTDSEMNKLFEKTKKQLRENAEDMGNGCFKIYHKCDNACIGSIRNETYDHNVYRDEALNNRFQIKGVELKSGYKDWILWISFAMSCFLLCIALLGFIMWACQKGNIRCNICI	271.0	11.0	6.0	2026-04-01	2e90e92	10.99261993	17.99630996	5.0	12.99630996	2.0	232.0	0.1	0.6	48.0	1.074	0.01627920947	0.07669037622	0.5030985262	0.4504727894	1.053571316	True	True	True	True	huddlej_h3n2.txt
A/California/LACPHL-INF02113/2025	K:G62E,S145R	2	A/California/NIRC-IS-1067/2026	2	A/California/NIRC-IS-1067/2026	1	2	QNIPGNDNSTATLCLGHHAVPNGTIVKTITNDRIEVTNATELVQNSSIGKICNSPHQILDGENCTLIDALLGDPQCDGFQNKEWDLFVERSRANSSCYPYDVPDYASLRSLVASSGTLEFKDESFNWTGVKQNGKSSACKRGSNRSFFSRLNWLTSLDNKYPAQNVTMPNKERFDKLYIWGVHHPDTDRNQFSLFAQSSGRITVSTKRSQQAVIPNIGSRPRVRDIPSRISIYWTIVKPGDILLINSTGNLIAPRGYFKIRSGKSSIMRSDAPIGECKSECITPNGSIPNDKPFQNVNRITYGACPRYVKQSTLKLATGMRNVPEKQAR	GIFGAIAGFIENGWEGMVDGWYGFRHQNSEGRGQAADLKSTQAAIDQINGKLNRLIGKTNEKFHQIEKEFSEVEGRVQDLEKYVEDTKIDLWSYNAELLVALENQHTIDLTDSEMNKLFEKTKKQLRENAEDMGNGCFKIYHKCDNACIGSIRNETYDHNVYRDEALNNRFQIKGVELKSGYKDWILWISFAMSCFLLCIALLGFIMWACQKGNIRCNICI	QNIPGNDNSTATLCLGHHAVPNGTIVKTITNDRIEVTNATELVQNSSIGKICNSPHQILDGENCTLIDALLGDPQCDGFQNKEWDLFVERSRANSSCYPYDVPDYASLRSLVASSGTLEFKDESFNWTGVKQNGKSSACKRGSNRSFFSRLNWLTSLDNKYPAQNVTMPNKERFDKLYIWGVHHPDTDRNQFSLFAQSSGRITVSTKRSQQAVIPNIGSRPRVRDIPSRISIYWTIVKPGDILLINSTGNLIAPRGYFKIRSGKSSIMRSDAPIGECKSECITPNGSIPNDKPFQNVNRITYGACPRYVKQSTLKLATGMRNVPEKQARGIFGAIAGFIENGWEGMVDGWYGFRHQNSEGRGQAADLKSTQAAIDQINGKLNRLIGKTNEKFHQIEKEFSEVEGRVQDLEKYVEDTKIDLWSYNAELLVALENQHTIDLTDSEMNKLFEKTKKQLRENAEDMGNGCFKIYHKCDNACIGSIRNETYDHNVYRDEALNNRFQIKGVELKSGYKDWILWISFAMSCFLLCIALLGFIMWACQKGNIRCNICI	63.0	2.0	2.0	2026-03-18	bb77787	11.0	18.0	5.0	14.0	3.0	59.0	0.01818181818	0.2	62.0	0.99	0.003784465669	-0.004749955722	0.5240963855	-0.02790083853	0.5143773652	True	True	True	True	huddlej_h3n2.txt
A/Ontario/PHL202550193/2025	K:S54N,S145N,I242M	2	A/StPetersburg/RII-25-2082S/2025	2	A/StPetersburg/RII-25-2082S/2025	0	2	QNIPGNDNSTATLCLGHHAVPNGTIVKTITNDRIEVTNATELVQNSSIGKICNNPHQILDGGNCTLIDALLGDPQCDGFQNKEWDLFVERSRANSSCYPYDVPDYASLRSLVASSGTLEFKDESFNWTGVKQNGKSSACKRGSNNSFFSRLNWLTSLDNKYPAQNVTMPNKERFDKLYIWGVHHPDTDRNQFSLFAQSSGRITVSTKRSQQAVIPNIGSRPRVRDIPSRISIYWTIVKPGDMLLINSTGNLIAPRGYFKIRSGKSSIMRSDAPIGECKSECITPNGSIPNDKPFQNVNRITYGACPRYVKQSTLKLATGMRNVPEKQAR	GIFGAIAGFIENGWEGMVDGWYGFRHQNSEGRGQAADLKSTQAAIDQINGKLNRLIGKTNEKFHQIEKEFSEVEGRVQDLEKYVEDTKIDLWSYNAELLVALENQHTIDLTDSEMNKLFEKTKKQLRENAEDMGNGCFKIYHKCDNACIGSIRNETYDHNVYRDEALNNRFQIKGVELKSGYKDWILWISFAMSCFLLCIALLGFIMWACQKGNIRCNICI	QNIPGNDNSTATLCLGHHAVPNGTIVKTITNDRIEVTNATELVQNSSIGKICNNPHQILDGGNCTLIDALLGDPQCDGFQNKEWDLFVERSRANSSCYPYDVPDYASLRSLVASSGTLEFKDESFNWTGVKQNGKSSACKRGSNNSFFSRLNWLTSLDNKYPAQNVTMPNKERFDKLYIWGVHHPDTDRNQFSLFAQSSGRITVSTKRSQQAVIPNIGSRPRVRDIPSRISIYWTIVKPGDMLLINSTGNLIAPRGYFKIRSGKSSIMRSDAPIGECKSECITPNGSIPNDKPFQNVNRITYGACPRYVKQSTLKLATGMRNVPEKQARGIFGAIAGFIENGWEGMVDGWYGFRHQNSEGRGQAADLKSTQAAIDQINGKLNRLIGKTNEKFHQIEKEFSEVEGRVQDLEKYVEDTKIDLWSYNAELLVALENQHTIDLTDSEMNKLFEKTKKQLRENAEDMGNGCFKIYHKCDNACIGSIRNETYDHNVYRDEALNNRFQIKGVELKSGYKDWILWISFAMSCFLLCIALLGFIMWACQKGNIRCNICI	1.0	1.0	1.0	2025-12-01	73e1807	11.0	19.0	7.0	15.0	3.0	1.0	0.009090909091	0.1	169.0	0.0		0.0	0.5511363636	0.0	0.5602272727	True	True	True	True	huddlej_h3n2.txt
A/France/OCC-HCL026013263701/2026	K:S91N,N133H,S145N	2	A/Astrakhan/RII-MH273373S/2025	2	A/Astrakhan/RII-MH273373S/2025	1	2	QNIPGNDNSTATLCLGHHAVPNGTIVKTITNDRIEVTNATELVQNSSIGKICNSPHQILDGGNCTLIDALLGDPQCDGFQNKEWDLFVERNRANSSCYPYDVPDYASLRSLVASSGTLEFKDESFNWTGVKQHGKSSACKRGSNNSFFSRLNWLTSLDNKYPAQNVTMPNKERFDKLYIWGVHHPDTDRNQFSLFAQSSGRITVSTKRSQQAVIPNIGSRPRVRDIPSRISIYWTIVKPGDILLINSTGNLIAPRGYFKIRSGKSSIMRSDAPIGECKSECITPNGSIPNDKPFQNVNRITYGACPRYVKQSTLKLATGMRNVPEKQAR	GIFGAIAGFIENGWEGMVDGWYGFRHQNSEGRGQAADLKSTQAAIDQINGKLNRLIGKTNEKFHQIEKEFSEVEGRVQDLEKYVEDTKIDLWSYNAELLVALENQHTIDLTDSEMNKLFEKTKKQLRENAEDMGNGCFKIYHKCDNACIGSIRNETYDHNVYRDEALNNRFQIKGVELKSGYKDWILWISFAMSCFLLCIALLGFIMWACQKGNIRCNICI	QNIPGNDNSTATLCLGHHAVPNGTIVKTITNDRIEVTNATELVQNSSIGKICNSPHQILDGGNCTLIDALLGDPQCDGFQNKEWDLFVERNRANSSCYPYDVPDYASLRSLVASSGTLEFKDESFNWTGVKQHGKSSACKRGSNNSFFSRLNWLTSLDNKYPAQNVTMPNKERFDKLYIWGVHHPDTDRNQFSLFAQSSGRITVSTKRSQQAVIPNIGSRPRVRDIPSRISIYWTIVKPGDILLINSTGNLIAPRGYFKIRSGKSSIMRSDAPIGECKSECITPNGSIPNDKPFQNVNRITYGACPRYVKQSTLKLATGMRNVPEKQARGIFGAIAGFIENGWEGMVDGWYGFRHQNSEGRGQAADLKSTQAAIDQINGKLNRLIGKTNEKFHQIEKEFSEVEGRVQDLEKYVEDTKIDLWSYNAELLVALENQHTIDLTDSEMNKLFEKTKKQLRENAEDMGNGCFKIYHKCDNACIGSIRNETYDHNVYRDEALNNRFQIKGVELKSGYKDWILWISFAMSCFLLCIALLGFIMWACQKGNIRCNICI	3.0	2.0	1.0	2026-01-19	c900e2d	11.0	19.0	6.0	15.0	3.0	3.0	0.01818181818	0.1	120.0	0.0		0.0	0.5433526012	0.0	0.5615344193	True	True	True	True	huddlej_h3n2.txt
A/France/HDF-IPP01550/2026	K:G49D,F79I,S145N,K207Q	2	A/Ireland/91576/2025	2	A/Ireland/91576/2025	1	1	QNIPGNDNSTATLCLGHHAVPNGTIVKTITNDRIEVTNATELVQNSSIDKICNSPHQILDGGNCTLIDALLGDPQCDGIQNKEWDLFVERSRANSSCYPYDVPDYASLRSLVASSGTLEFKDESFNWTGVKQNGKSSACKRGSNNSFFSRLNWLTSLDNKYPAQNVTMPNKERFDKLYIWGVHHPDTDRNQFSLFAQSSGRITVSTQRSQQAVIPNIGSRPRVRDIPSRISIYWTIVKPGDILLINSTGNLIAPRGYFKIRSGKSSIMRSDAPIGECKSECITPNGSIPNDKPFQNVNRITYGACPRYVKQSTLKLATGMRNVPEKQAR	GIFGAIAGFIENGWEGMVDGWYGFRHQNSEGRGQAADLKSTQAAIDQINGKLNRLIGKTNEKFHQIEKEFSEVEGRVQDLEKYVEDTKIDLWSYNAELLVALENQHTIDLTDSEMNKLFEKTKKQLRENAEDMGNGCFKIYHKCDNACIGSIRNETYDHNVYRDEALNNRFQIKGVELKSGYKDWILWISFAMSCFLLCIALLGFIMWACQKGNIRCNICI	QNIPGNDNSTATLCLGHHAVPNGTIVKTITNDRIEVTNATELVQNSSIDKICNSPHQILDGGNCTLIDALLGDPQCDGIQNKEWDLFVERSRANSSCYPYDVPDYASLRSLVASSGTLEFKDESFNWTGVKQNGKSSACKRGSNNSFFSRLNWLTSLDNKYPAQNVTMPNKERFDKLYIWGVHHPDTDRNQFSLFAQSSGRITVSTQRSQQAVIPNIGSRPRVRDIPSRISIYWTIVKPGDILLINSTGNLIAPRGYFKIRSGKSSIMRSDAPIGECKSECITPNGSIPNDKPFQNVNRITYGACPRYVKQSTLKLATGMRNVPEKQARGIFGAIAGFIENGWEGMVDGWYGFRHQNSEGRGQAADLKSTQAAIDQINGKLNRLIGKTNEKFHQIEKEFSEVEGRVQDLEKYVEDTKIDLWSYNAELLVALENQHTIDLTDSEMNKLFEKTKKQLRENAEDMGNGCFKIYHKCDNACIGSIRNETYDHNVYRDEALNNRFQIKGVELKSGYKDWILWISFAMSCFLLCIALLGFIMWACQKGNIRCNICI	4.0	1.0	1.0	2026-02-20	e29563c	11.0	20.0	7.0	14.0	3.0	4.0	0.009090909091	0.1	88.0	0.0		0.0	0.5459770115	0.0	0.5550679206	True	True	True	True	huddlej_h3n2.txt
A/Netherlands/968/2026	K:S91N,S145N,N216S	2	A/Astrakhan/RII-MH273373S/2025	2	A/Astrakhan/RII-MH273373S/2025	1	2	QNIPGNDNSTATLCLGHHAVPNGTIVKTITNDRIEVTNATELVQNSSIGKICNSPHQILDGGNCTLIDALLGDPQCDGFQNKEWDLFVERNRANSSCYPYDVPDYASLRSLVASSGTLEFKDESFNWTGVKQNGKSSACKRGSNNSFFSRLNWLTSLDNKYPAQNVTMPNKERFDKLYIWGVHHPDTDRNQFSLFAQSSGRITVSTKRSQQAVIPSIGSRPRVRDIPSRISIYWTIVKPGDILLINSTGNLIAPRGYFKIRSGKSSIMRSDAPIGECKSECITPNGSIPNDKPFQNVNRITYGACPRYVKQSTLKLATGMRNVPEKQAR	GIFGAIAGFIENGWEGMVDGWYGFRHQNSEGRGQAADLKSTQAAIDQINGKLNRLIGKTNEKFHQIEKEFSEVEGRVQDLEKYVEDTKIDLWSYNAELLVALENQHTIDLTDSEMNKLFEKTKKQLRENAEDMGNGCFKIYHKCDNACIGSIRNETYDHNVYRDEALNNRFQIKGVELKSGYKDWILWISFAMSCFLLCIALLGFIMWACQKGNIRCNICI	QNIPGNDNSTATLCLGHHAVPNGTIVKTITNDRIEVTNATELVQNSSIGKICNSPHQILDGGNCTLIDALLGDPQCDGFQNKEWDLFVERNRANSSCYPYDVPDYASLRSLVASSGTLEFKDESFNWTGVKQNGKSSACKRGSNNSFFSRLNWLTSLDNKYPAQNVTMPNKERFDKLYIWGVHHPDTDRNQFSLFAQSSGRITVSTKRSQQAVIPSIGSRPRVRDIPSRISIYWTIVKPGDILLINSTGNLIAPRGYFKIRSGKSSIMRSDAPIGECKSECITPNGSIPNDKPFQNVNRITYGACPRYVKQSTLKLATGMRNVPEKQARGIFGAIAGFIENGWEGMVDGWYGFRHQNSEGRGQAADLKSTQAAIDQINGKLNRLIGKTNEKFHQIEKEFSEVEGRVQDLEKYVEDTKIDLWSYNAELLVALENQHTIDLTDSEMNKLFEKTKKQLRENAEDMGNGCFKIYHKCDNACIGSIRNETYDHNVYRDEALNNRFQIKGVELKSGYKDWILWISFAMSCFLLCIALLGFIMWACQKGNIRCNICI	3.0	3.0	1.0	2026-03-18	78a19d4	11.0	19.0	6.0	15.0	3.0	2.0	0.02727272727	0.1	62.0	0.0		0.0	0.5433526012	0.0	0.5706253284	True	True	True	True	huddlej_h3n2.txt
A/SouthAustralia/2605715552/2026	K:N159S,K207Q	1	A/Luxembourg/LNS9132577/2026	2	A/Luxembourg/LNS9132577/2026	1	1	QNIPGNDNSTATLCLGHHAVPNGTIVKTITNDRIEVTNATELVQNSSIGKICNSPHQILDGGNCTLIDALLGDPQCDGFQNKEWDLFVERSRANSSCYPYDVPDYASLRSLVASSGTLEFKDESFNWTGVKQNGKSSACKRGSNSSFFSRLNWLTSLDSKYPAQNVTMPNKERFDKLYIWGVHHPDTDRNQFSLFAQSSGRITVSTQRSQQAVIPNIGSRPRVRDIPSRISIYWTIVKPGDILLINSTGNLIAPRGYFKIRSGKSSIMRSDAPIGECKSECITPNGSIPNDKPFQNVNRITYGACPRYVKQSTLKLATGMRNVPEKQAR	GIFGAIAGFIENGWEGMVDGWYGFRHQNSEGRGQAADLKSTQAAIDQINGKLNRLIGKTNEKFHQIEKEFSEVEGRVQDLEKYVEDTKIDLWSYNAELLVALENQHTIDLTDSEMNKLFEKTKKQLRENAEDMGNGCFKIYHKCDNACIGSIRNETYDHDVYRDEALNNRFQIKGVELKSGYKDWILWISFAMSCFLLCIALLGFIMWACQKGNIRCNICI	QNIPGNDNSTATLCLGHHAVPNGTIVKTITNDRIEVTNATELVQNSSIGKICNSPHQILDGGNCTLIDALLGDPQCDGFQNKEWDLFVERSRANSSCYPYDVPDYASLRSLVASSGTLEFKDESFNWTGVKQNGKSSACKRGSNSSFFSRLNWLTSLDSKYPAQNVTMPNKERFDKLYIWGVHHPDTDRNQFSLFAQSSGRITVSTQRSQQAVIPNIGSRPRVRDIPSRISIYWTIVKPGDILLINSTGNLIAPRGYFKIRSGKSSIMRSDAPIGECKSECITPNGSIPNDKPFQNVNRITYGACPRYVKQSTLKLATGMRNVPEKQARGIFGAIAGFIENGWEGMVDGWYGFRHQNSEGRGQAADLKSTQAAIDQINGKLNRLIGKTNEKFHQIEKEFSEVEGRVQDLEKYVEDTKIDLWSYNAELLVALENQHTIDLTDSEMNKLFEKTKKQLRENAEDMGNGCFKIYHKCDNACIGSIRNETYDHDVYRDEALNNRFQIKGVELKSGYKDWILWISFAMSCFLLCIALLGFIMWACQKGNIRCNICI	6.0	1.0	1.0	2026-02-26	3161728	11.0	17.83333333	7.0	14.0	3.0	5.0	0.009090909091	0.1	82.0	0.0		0.0	0.5402521823	0.0	0.5493430914	True	True	True	True	huddlej_h3n2.txt
A/Parana/416133590/2026	K:K135T,K140I	2	A/England/USAFSAM-17162/2025	2	A/England/USAFSAM-17162/2025	0	2	QNIPGNDNSTATLCLGHHAVPNGTIVKTITNDRIEVTNATELVQNSSIGKICNSPHQILDGGNCTLIDALLGDPQCDGFQNKEWDLFVERSRANSSCYPYDVPDYASLRSLVASSGTLEFKDESFNWTGVKQNGTSSACIRGSNSSFFSRLNWLTSLDNKYPAQNVTMPNKERFDKLYIWGVHHPDTDRNQFSLFAQSSGRITVSTKRSQQAVIPNIGSRPRVRDIPSRISIYWTIVKPGDILLINSTGNLIAPRGYFKIRSGKSSIMRSDAPIGECKSECITPNGSIPNDKPFQNVNRITYGACPRYVKQSTLKLATGMRNVPEKQAR	GIFGAIAGFIENGWEGMVDGWYGFRHQNSEGRGQAADLKSTQAAIDQINGKLNRLIGKTNEKFHQIEKEFSEVEGRVQDLEKYVEDTKIDLWSYNAELLVALENQHTIDLTDSEMNKLFEKTKKQLRENAEDMGNGCFKIYHKCDNACIGSIRNETYDHNVYRDEALNNRFQIKGVELKSGYKDWILWISFAMSCFLLCIALLGFIMWACQKGNIRCNICI	QNIPGNDNSTATLCLGHHAVPNGTIVKTITNDRIEVTNATELVQNSSIGKICNSPHQILDGGNCTLIDALLGDPQCDGFQNKEWDLFVERSRANSSCYPYDVPDYASLRSLVASSGTLEFKDESFNWTGVKQNGTSSACIRGSNSSFFSRLNWLTSLDNKYPAQNVTMPNKERFDKLYIWGVHHPDTDRNQFSLFAQSSGRITVSTKRSQQAVIPNIGSRPRVRDIPSRISIYWTIVKPGDILLINSTGNLIAPRGYFKIRSGKSSIMRSDAPIGECKSECITPNGSIPNDKPFQNVNRITYGACPRYVKQSTLKLATGMRNVPEKQARGIFGAIAGFIENGWEGMVDGWYGFRHQNSEGRGQAADLKSTQAAIDQINGKLNRLIGKTNEKFHQIEKEFSEVEGRVQDLEKYVEDTKIDLWSYNAELLVALENQHTIDLTDSEMNKLFEKTKKQLRENAEDMGNGCFKIYHKCDNACIGSIRNETYDHNVYRDEALNNRFQIKGVELKSGYKDWILWISFAMSCFLLCIALLGFIMWACQKGNIRCNICI	2.0	2.0	2.0	2026-01-08	c678556	12.0	14.0	4.0	10.0	2.0	2.0	0.01818181818	0.2	131.0	0.0		0.0	0.4475524476	0.0	0.4657342657	True	True	True	True	turners_h3n2.txt
A/Missouri/NIRC-AV-1003/2025	K:F192V	1	A/StPetersburg/RII-25-2157S/2025	2	A/StPetersburg/RII-25-2157S/2025	0	1	QNIPGNDNSTATLCLGHHAVPNGTIVKTITNDRIEVTNATELVQNSSIGKICNSPHQILDGGNCTLIDALLGDPQCDGFQNKEWDLFVERSRANSSCYPYDVPDYASLRSLVASSGTLEFKDESFNWTGVKQNGKSSACKRGSNSSFFSRLNWLTSLDNKYPAQNVTMPNKERFDKLYIWGVHHPDTDRNQVSLFAQSSGRITVSTKRSQQAVIPNIGSRPRVRDIPSRISIYWTIVKPGDILLINSTGNLIAPRGYFKIRSGKSSIMRSDAPIGECKSECITPNGSIPNDKPFQNVNRITYGACPRYVKQSTLKLATGMRNVPEKQAR	GIFGAIAGFIENGWEGMVDGWYGFRHQNSEGKGQAADLKSTQAAIDQINGKLNRLIGKTNEKFHQIEKEFSEVEGRVQDLEKYVEDTKIDLWSYNAELLVALENQHTIDLTDSEMNKLFEKTKKQLRENAEDMGNGCFKIYHKCDNACIGSIRNETYDHNVYRDEALNNRFQIKGVELKSGYKDWILWISFAMSCFLLCIALLGFIMWACQKGNIRCNICI	QNIPGNDNSTATLCLGHHAVPNGTIVKTITNDRIEVTNATELVQNSSIGKICNSPHQILDGGNCTLIDALLGDPQCDGFQNKEWDLFVERSRANSSCYPYDVPDYASLRSLVASSGTLEFKDESFNWTGVKQNGKSSACKRGSNSSFFSRLNWLTSLDNKYPAQNVTMPNKERFDKLYIWGVHHPDTDRNQVSLFAQSSGRITVSTKRSQQAVIPNIGSRPRVRDIPSRISIYWTIVKPGDILLINSTGNLIAPRGYFKIRSGKSSIMRSDAPIGECKSECITPNGSIPNDKPFQNVNRITYGACPRYVKQSTLKLATGMRNVPEKQARGIFGAIAGFIENGWEGMVDGWYGFRHQNSEGKGQAADLKSTQAAIDQINGKLNRLIGKTNEKFHQIEKEFSEVEGRVQDLEKYVEDTKIDLWSYNAELLVALENQHTIDLTDSEMNKLFEKTKKQLRENAEDMGNGCFKIYHKCDNACIGSIRNETYDHNVYRDEALNNRFQIKGVELKSGYKDWILWISFAMSCFLLCIALLGFIMWACQKGNIRCNICI	3.0	2.0	2.0	2026-01-26	3af9daa	11.0	16.0	5.0	12.0	2.0	1.0	0.01818181818	0.2	113.0	0.0		0.0	0.487012987	0.0	0.5051948052	True	True	True	True	turners_h3n2.txt,jamess_h3n2.txt
A/Thuringen/17/2026	J.2.4:F79V,S144N,N158D,I160K,T328A	3	A/England/1894298/2025	3	A/England/1894298/2025	0	2	QKIPGNDNSTATLCLGHHAVPNGTIVKTITNDRIEVTNATELVQNSSIGKICNSPHQILDGGNCTLIDALLGDPQCDGVQNKEWDLFVERSRANSSCYPYDVPDYASLRSLVASSGTLEFKDESFNWTGVKQNGKSSACKRGSNSSFFSRLNWLTSLDNKYPAQNVTMPNKEQFDKLYIWGVHHPDTDRNQFSLFAQSSGRITVSTKRSQQAVIPNIGSRPRVRDIPSRISIYWTIVKPGDILLINSTGNLIAPRGYFKIRSGKSSIMRSDAPIGECKSECITPNGSIPNDKPFQNVNRITYGACPRYVKQSTLKLATGMRNVPEKQAR	GIFGAIAGFIENGWEGMVDGWYGFRHQNSEGRGQAADLKSTQAAIDQISGKLNRLIGKTNEKFHQIEKEFSEVEGRVQDLEKYVEDTKIDLWSYNAELLVALENQHTIDLTDSEMNKLFEKTKKQLRENAEDMGNGCFKIYHKCDNACIGSIRNETYDHNVYRDEALNNRFQIKGVELKSGYKDWILWISFAMSCFLLCIALLGFIMWACQKGNIRCNICI	QKIPGNDNSTATLCLGHHAVPNGTIVKTITNDRIEVTNATELVQNSSIGKICNSPHQILDGGNCTLIDALLGDPQCDGVQNKEWDLFVERSRANSSCYPYDVPDYASLRSLVASSGTLEFKDESFNWTGVKQNGKSSACKRGSNSSFFSRLNWLTSLDNKYPAQNVTMPNKEQFDKLYIWGVHHPDTDRNQFSLFAQSSGRITVSTKRSQQAVIPNIGSRPRVRDIPSRISIYWTIVKPGDILLINSTGNLIAPRGYFKIRSGKSSIMRSDAPIGECKSECITPNGSIPNDKPFQNVNRITYGACPRYVKQSTLKLATGMRNVPEKQARGIFGAIAGFIENGWEGMVDGWYGFRHQNSEGRGQAADLKSTQAAIDQISGKLNRLIGKTNEKFHQIEKEFSEVEGRVQDLEKYVEDTKIDLWSYNAELLVALENQHTIDLTDSEMNKLFEKTKKQLRENAEDMGNGCFKIYHKCDNACIGSIRNETYDHNVYRDEALNNRFQIKGVELKSGYKDWILWISFAMSCFLLCIALLGFIMWACQKGNIRCNICI	830.0	32.0	8.0	2026-04-11	3c7db7a	10.98915663	14.99759036	3.0	10.99759036	2.0	671.0	0.2909090909	0.8	38.0	0.988	0.04985883342	-0.006772201102	0.4513521655	-0.03977933701	0.7024819194	True	True	True	True	huddlej_h3n2.txt
A/France/GES-IPP01077/2026	K:N63S,S91N,S145N,I179V	3	A/Astrakhan/RII-MH273373S/2025	3	A/Astrakhan/RII-MH273373S/2025	1	3	QNIPGNDNSTATLCLGHHAVPNGTIVKTITNDRIEVTNATELVQNSSIGKICNSPHQILDGGSCTLIDALLGDPQCDGFQNKEWDLFVERNRANSSCYPYDVPDYASLRSLVASSGTLEFKDESFNWTGVKQNGKSSACKRGSNNSFFSRLNWLTSLDNKYPAQNVTMPNKERFDKLYVWGVHHPDTDRNQFSLFAQSSGRITVSTKRSQQAVIPNIGSRPRVRDIPSRISIYWTIVKPGDILLINSTGNLIAPRGYFKIRSGKSSIMRSDAPIGECKSECITPNGSIPNDKPFQNVNRITYGACPRYVKQSTLKLATGMRNVPEKQAR	GIFGAIAGFIENGWEGMVDGWYGFRHQNSEGRGQAADLKSTQAAIDQINGKLNRLIGKTNEKFHQIEKEFSEVEGRVQDLEKYVEDTKIDLWSYNAELLVALENQHTIDLTDSEMNKLFEKTKKQLRENAEDMGNGCFKIYHKCDNACIGSIRNETYDHNVYRDEALNNRFQIKGVELKSGYKDWILWISFAMSCFLLCIALLGFIMWACQKGNIRCNICI	QNIPGNDNSTATLCLGHHAVPNGTIVKTITNDRIEVTNATELVQNSSIGKICNSPHQILDGGSCTLIDALLGDPQCDGFQNKEWDLFVERNRANSSCYPYDVPDYASLRSLVASSGTLEFKDESFNWTGVKQNGKSSACKRGSNNSFFSRLNWLTSLDNKYPAQNVTMPNKERFDKLYVWGVHHPDTDRNQFSLFAQSSGRITVSTKRSQQAVIPNIGSRPRVRDIPSRISIYWTIVKPGDILLINSTGNLIAPRGYFKIRSGKSSIMRSDAPIGECKSECITPNGSIPNDKPFQNVNRITYGACPRYVKQSTLKLATGMRNVPEKQARGIFGAIAGFIENGWEGMVDGWYGFRHQNSEGRGQAADLKSTQAAIDQINGKLNRLIGKTNEKFHQIEKEFSEVEGRVQDLEKYVEDTKIDLWSYNAELLVALENQHTIDLTDSEMNKLFEKTKKQLRENAEDMGNGCFKIYHKCDNACIGSIRNETYDHNVYRDEALNNRFQIKGVELKSGYKDWILWISFAMSCFLLCIALLGFIMWACQKGNIRCNICI	1.0	1.0	1.0	2026-02-04	ff691ab	10.0	20.0	6.0	16.0	3.0	1.0	0.009090909091	0.1	104.0	0.0		0.0	0.5536723164	0.0	0.5627632255	True	True	True	True	huddlej_h3n2.txt
A/Vietnam/F7324/2024	J.2.1	3	A/Lisboa/216/2023	3	A/Lisboa/216/2023	0	1	QKIPGNDNSTATLCLGHHAVPNGTIVKTITNDRIEVTNATELVQNSSIGKICNSPHQILDGGNCTLIDALLGDPQCDGLQNKEWDLFVERSRANSSCYPYDVPDYASLRSLVASSGTLEFKDESFNWTGVKQNGTSSACKRGSSSSFFSRLNWLTSLNNIYPAQNVTMPNKEQFDKLYIWGVHHPDTDKNQFSLFAQSSGRITVSTKRSQQAVIPNIGSRPRVRDIPSRISIYWTIVKSGDILLINSTGNLIAPRGYFKIRSGKSSIMRSDAPIGECKSECITPNGSIPNDKPFQNVNRITYGACPRYVKQSTLKLATGMRNVPEKQTR	GIFGAIAGFIENGWEGMVDGWYGFRHQNSEGRGQAADLKSTQAAIDQISGKLNRLIGKTNEKFHQIEKEFSEVEGRVQDLEKYVEDTKIDLWSYNAELLVALENQHTIDLTDSEMNKLFEKTKKQLRENAEDMGNGCFKIYHKCDNACIGSIRNETYDHNVYRDEALNNRFQIKGVELKSGYKDWILWISFAMSCFLLCIALLGFIMWACQKGNIRCNICI	QKIPGNDNSTATLCLGHHAVPNGTIVKTITNDRIEVTNATELVQNSSIGKICNSPHQILDGGNCTLIDALLGDPQCDGLQNKEWDLFVERSRANSSCYPYDVPDYASLRSLVASSGTLEFKDESFNWTGVKQNGTSSACKRGSSSSFFSRLNWLTSLNNIYPAQNVTMPNKEQFDKLYIWGVHHPDTDKNQFSLFAQSSGRITVSTKRSQQAVIPNIGSRPRVRDIPSRISIYWTIVKSGDILLINSTGNLIAPRGYFKIRSGKSSIMRSDAPIGECKSECITPNGSIPNDKPFQNVNRITYGACPRYVKQSTLKLATGMRNVPEKQTRGIFGAIAGFIENGWEGMVDGWYGFRHQNSEGRGQAADLKSTQAAIDQISGKLNRLIGKTNEKFHQIEKEFSEVEGRVQDLEKYVEDTKIDLWSYNAELLVALENQHTIDLTDSEMNKLFEKTKKQLRENAEDMGNGCFKIYHKCDNACIGSIRNETYDHNVYRDEALNNRFQIKGVELKSGYKDWILWISFAMSCFLLCIALLGFIMWACQKGNIRCNICI																								True	older_h3n2_haplotypes.tsv
A/Michigan/8/2026	K:S96N,S265G,P289L	3	A/Badajoz/18811358/2026	3	A/Badajoz/18811358/2026	0	2	QNIPGNDNSTATLCLGHHAVPNGTIVKTITNDRIEVTNATELVQNSSIGKICNSPHQILDGGNCTLIDALLGDPQCDGFQNKEWDLFVERSRANSNCYPYDVPDYASLRSLVASSGTLEFKDESFNWTGVKQNGKSSACKRGSNSSFFSRLNWLTSLDNKYPAQNVTMPNKERFDKLYIWGVHHPDTDRNQFSLFAQSSGRITVSTKRSQQAVIPNIGSRPRVRDIPSRISIYWTIVKPGDILLINSTGNLIAPRGYFKIRSGKGSIMRSDAPIGECKSECITPNGSILNDKPFQNVNRITYGACPRYVKQSTLKLATGMRNVPEKQAR	GIFGAIAGFIENGWEGMVDGWYGFRHQNSEGRGQAADLKSTQAAIDQINGKLNRLIGKTNEKFHQIEKEFSEVEGRVQDLEKYVEDTKIDLWSYNAELLVALENQHTIDLTDSEMNKLFEKTKKQLRENAEDMGNGCFKIYHKCDNACIGSIRNETYDHNVYRDEALNNRFQIKGVELKSGYKDWILWISFAMSCFLLCIALLGFIMWACQKGNIRCNICI	QNIPGNDNSTATLCLGHHAVPNGTIVKTITNDRIEVTNATELVQNSSIGKICNSPHQILDGGNCTLIDALLGDPQCDGFQNKEWDLFVERSRANSNCYPYDVPDYASLRSLVASSGTLEFKDESFNWTGVKQNGKSSACKRGSNSSFFSRLNWLTSLDNKYPAQNVTMPNKERFDKLYIWGVHHPDTDRNQFSLFAQSSGRITVSTKRSQQAVIPNIGSRPRVRDIPSRISIYWTIVKPGDILLINSTGNLIAPRGYFKIRSGKGSIMRSDAPIGECKSECITPNGSILNDKPFQNVNRITYGACPRYVKQSTLKLATGMRNVPEKQARGIFGAIAGFIENGWEGMVDGWYGFRHQNSEGRGQAADLKSTQAAIDQINGKLNRLIGKTNEKFHQIEKEFSEVEGRVQDLEKYVEDTKIDLWSYNAELLVALENQHTIDLTDSEMNKLFEKTKKQLRENAEDMGNGCFKIYHKCDNACIGSIRNETYDHNVYRDEALNNRFQIKGVELKSGYKDWILWISFAMSCFLLCIALLGFIMWACQKGNIRCNICI	7.0	1.0	1.0	2026-01-12	e0ecfec	10.0	17.0	6.0	12.0	2.0	4.0	0.009090909091	0.1	127.0	0.0		0.0	0.5	0.0	0.5090909091	True	True	True	True	turners_h3n2.txt
A/England/1894298/2025	J.2.4:G62R,N158D,I160K,T328A	3	A/California/NIRC-IS-1067/2026	3	A/Thuringen/17/2026	0	2	QKIPGNDNSTATLCLGHHAVPNGTIVKTITNDRIEVTNATELVQNSSIGKICNSPHQILDGRNCTLIDALLGDPQCDGFQNKEWDLFVERSRANSSCYPYDVPDYASLRSLVASSGTLEFKDESFNWTGVKQNGKSSACKRGSSSSFFSRLNWLTSLDNKYPAQNVTMPNKEQFDKLYIWGVHHPDTDRNQFSLFAQSSGRITVSTKRSQQAVIPNIGSRPRVRDIPSRISIYWTIVKPGDILLINSTGNLIAPRGYFKIRSGKSSIMRSDAPIGECKSECITPNGSIPNDKPFQNVNRITYGACPRYVKQSTLKLATGMRNVPEKQAR	GIFGAIAGFIENGWEGMVDGWYGFRHQNSEGRGQAADLKSTQAAIDQISGKLNRLIGKTNEKFHQIEKEFSEVEGRVQDLEKYVEDTKIDLWSYNAELLVALENQHTIDLTDSEMNKLFEKTKKQLRENAEDMGNGCFKIYHKCDNACIGSIRNETYDHNVYRDEALNNRFQIKGVELKSGYKDWILWISFAMSCFLLCIALLGFIMWACQKGNIRCNICI	QKIPGNDNSTATLCLGHHAVPNGTIVKTITNDRIEVTNATELVQNSSIGKICNSPHQILDGRNCTLIDALLGDPQCDGFQNKEWDLFVERSRANSSCYPYDVPDYASLRSLVASSGTLEFKDESFNWTGVKQNGKSSACKRGSSSSFFSRLNWLTSLDNKYPAQNVTMPNKEQFDKLYIWGVHHPDTDRNQFSLFAQSSGRITVSTKRSQQAVIPNIGSRPRVRDIPSRISIYWTIVKPGDILLINSTGNLIAPRGYFKIRSGKSSIMRSDAPIGECKSECITPNGSIPNDKPFQNVNRITYGACPRYVKQSTLKLATGMRNVPEKQARGIFGAIAGFIENGWEGMVDGWYGFRHQNSEGRGQAADLKSTQAAIDQISGKLNRLIGKTNEKFHQIEKEFSEVEGRVQDLEKYVEDTKIDLWSYNAELLVALENQHTIDLTDSEMNKLFEKTKKQLRENAEDMGNGCFKIYHKCDNACIGSIRNETYDHNVYRDEALNNRFQIKGVELKSGYKDWILWISFAMSCFLLCIALLGFIMWACQKGNIRCNICI	13.0	3.0	3.0	2026-01-21	356d3cc	10.0	14.0	3.0	11.0	2.0	11.0	0.02727272727	0.3	118.0	0.0		0.0	0.4475524476	0.0	0.4748251748	True	True	True	True	huddlej_h3n2.txt
A/Lisboa/216/2023	J.2.2 	3	A/India/NIEMMC/2025	3	A/Vietnam/F7324/2024	1	3	QKIPGNDNSTATLCLGHHAVPNGTIVKTITNDRIEVTNATELVQNSSIGKICNSPHQILDGGNCTLIDALLGDPQCDGFQNKEWDLFVERSRANSSCYPYDVPDYASLRSLVASSGTLEFKDENFNWTGVKQNGTSSACKRGSSSSFFSRLNWLTSLNNIYPAQNVTMPNKEQFDKLYIWGVHHPDTDKNQFSLFAQSSGRITVSTKRSQQAVIPNIGSRPRVRDIPSRISIYWTIVKPGDILLINSTGNLIAPRGYFKIRSGKSSIMRSDAPIGECKSECITPNGSIPNDKPFQNVNRITYGACPRYVKQSTLKLATGMRNVPEKQTR	GIFGAIAGFIENGWEGMVDGWYGFRHQNSEGRGQAADLKSTQAAIDQISGKLNRLIGKTNEKFHQIEKEFSEVEGRVQDLEKYVEDTKIDLWSYNAELLVALENQHTIDLTDSEMNKLFEKTKKQLRENAEDMGNGCFKIYHKCDNACIGSIRNETYDHNVYRDEALNNRFQIKGVELKSGYKDWILWISFAMSCFLLCIALLGFIMWACQKGNIRCNICI	QKIPGNDNSTATLCLGHHAVPNGTIVKTITNDRIEVTNATELVQNSSIGKICNSPHQILDGGNCTLIDALLGDPQCDGFQNKEWDLFVERSRANSSCYPYDVPDYASLRSLVASSGTLEFKDENFNWTGVKQNGTSSACKRGSSSSFFSRLNWLTSLNNIYPAQNVTMPNKEQFDKLYIWGVHHPDTDKNQFSLFAQSSGRITVSTKRSQQAVIPNIGSRPRVRDIPSRISIYWTIVKPGDILLINSTGNLIAPRGYFKIRSGKSSIMRSDAPIGECKSECITPNGSIPNDKPFQNVNRITYGACPRYVKQSTLKLATGMRNVPEKQTRGIFGAIAGFIENGWEGMVDGWYGFRHQNSEGRGQAADLKSTQAAIDQISGKLNRLIGKTNEKFHQIEKEFSEVEGRVQDLEKYVEDTKIDLWSYNAELLVALENQHTIDLTDSEMNKLFEKTKKQLRENAEDMGNGCFKIYHKCDNACIGSIRNETYDHNVYRDEALNNRFQIKGVELKSGYKDWILWISFAMSCFLLCIALLGFIMWACQKGNIRCNICI																								True	older_h3n2_haplotypes.tsv
A/Bolivia/OR5702/2025	J.2.3:S54N,G78S,S145N,N216H	4	A/Luxembourg/LNS2209591/2026	4	A/Luxembourg/LNS2209591/2026	1	4	QKIPGNDNSTATLCLGHHAVPNGTIVKTITNDRIEVTNATELVQNSSIGKICNNPHQILDGGNCTLIDALLGDPQCDSFQNKEWDLFVERSRANSSCYPYDVPDYASLRSLVASSGTLEFKDESFNWTGVKQNGTSSACKRGSSNSFFSRLNWLTSLKNIYPAQNVTMPNKEQFDKLYIWGVHHPDTDRNQFSLFAQSSGRITVSTKRSQQAVIPHIGSRPRVRDIPSRISIYWTIVKPGDILLINSTGNLIAPRGYFKIRSGKSSIMRSDAPIGECKSECITPNGSIPNDKPFQNVNRITYGACPRYVKQSTLKLATGMRNVPEKQTR	GIFGAIAGFIENGWEGMVDGWYGFRHQNSEGRGQAADLKSTQAAIDQINGKLNRLIGKTNEKFHQIEKEFSEVEGRVQDLEKYVEDTKIDLWSYNAELLVALENQHTIDLTDSEMNKLFEKTKKQLRENAEDMGNGCFKIYHKCDNACIGSIRNETYDHNVYRDEALNNRFQIKGVELKSGYKDWILWISFAMSCFLLCIALLGFIMWACQKGNIRCNICI	QKIPGNDNSTATLCLGHHAVPNGTIVKTITNDRIEVTNATELVQNSSIGKICNNPHQILDGGNCTLIDALLGDPQCDSFQNKEWDLFVERSRANSSCYPYDVPDYASLRSLVASSGTLEFKDESFNWTGVKQNGTSSACKRGSSNSFFSRLNWLTSLKNIYPAQNVTMPNKEQFDKLYIWGVHHPDTDRNQFSLFAQSSGRITVSTKRSQQAVIPHIGSRPRVRDIPSRISIYWTIVKPGDILLINSTGNLIAPRGYFKIRSGKSSIMRSDAPIGECKSECITPNGSIPNDKPFQNVNRITYGACPRYVKQSTLKLATGMRNVPEKQTRGIFGAIAGFIENGWEGMVDGWYGFRHQNSEGRGQAADLKSTQAAIDQINGKLNRLIGKTNEKFHQIEKEFSEVEGRVQDLEKYVEDTKIDLWSYNAELLVALENQHTIDLTDSEMNKLFEKTKKQLRENAEDMGNGCFKIYHKCDNACIGSIRNETYDHNVYRDEALNNRFQIKGVELKSGYKDWILWISFAMSCFLLCIALLGFIMWACQKGNIRCNICI	156.0	15.0	3.0	2026-03-16	c859b8d	10.99358974	14.0	4.0	13.0	3.0	139.0	0.1363636364	0.3	64.0	0.894	0.009371057848	-0.1067491237	0.4935897436	-0.6270353319	0.002918048043	True	True	True	True	huddlej_h3n2.txt
A/India/NIEMMC/2025	J.2.4:K135N	2	A/Luxembourg/LNS2209591/2026	4	A/Lisboa/216/2023	1	2	QKIPGNDNSTATLCLGHHAVPNGTIVKTITNDRIEVTNATELVQNSSIGKICNSPHQILDGGNCTLIDALLGDPQCDGFQNKEWDLFVERSRANSSCYPYDVPDYASLRSLVASSGTLEFKDESFNWTGVKQNGNSSACKRGSSSSFFSRLNWLTSLNNIYPAQNVTMPNKEQFDKLYIWGVHHPDTDRNQFSLFAQSSGRITVSTKRSQQAVIPNIGSRPRVRDIPSRISIYWTIVKPGDILLINSTGNLIAPRGYFKIRSGKSSIMRSDAPIGECKSECITPNGSIPNDKPFQNVNRITYGACPRYVKQSTLKLATGMRNVPEKQTR	GIFGAIAGFIENGWEGMMDGWYGFRHQNSEGRGQAADLKSTQAAIDQISGKLNRLIGKTNEKFHQIEKEFSEVEGRVQDLEKYVEDTKIDLWSYNAELLVALENQHTIDLTDSEMNKLFEKTKKQLRENAEDMGNGCFKIYHKCDNACIGSIRNETYDHNVYRDEALNNRFQIKGVELKSGYKDWILWISFAMSCFLLCIALLGFIMWACQKGNIRCNICI	QKIPGNDNSTATLCLGHHAVPNGTIVKTITNDRIEVTNATELVQNSSIGKICNSPHQILDGGNCTLIDALLGDPQCDGFQNKEWDLFVERSRANSSCYPYDVPDYASLRSLVASSGTLEFKDESFNWTGVKQNGNSSACKRGSSSSFFSRLNWLTSLNNIYPAQNVTMPNKEQFDKLYIWGVHHPDTDRNQFSLFAQSSGRITVSTKRSQQAVIPNIGSRPRVRDIPSRISIYWTIVKPGDILLINSTGNLIAPRGYFKIRSGKSSIMRSDAPIGECKSECITPNGSIPNDKPFQNVNRITYGACPRYVKQSTLKLATGMRNVPEKQTRGIFGAIAGFIENGWEGMMDGWYGFRHQNSEGRGQAADLKSTQAAIDQISGKLNRLIGKTNEKFHQIEKEFSEVEGRVQDLEKYVEDTKIDLWSYNAELLVALENQHTIDLTDSEMNKLFEKTKKQLRENAEDMGNGCFKIYHKCDNACIGSIRNETYDHNVYRDEALNNRFQIKGVELKSGYKDWILWISFAMSCFLLCIALLGFIMWACQKGNIRCNICI	4.0	3.0	3.0	2025-12-19	44748ea	11.0	10.0	1.0	9.0	1.0	3.0	0.02727272727	0.3	151.0	0.0		0.0	0.3577235772	0.0	0.3849963045	True	True	True	True	huddlej_h3n2.txt
A/Peru/ANC-INS-062/2026	J.2:N6S,N8D,G78S,V223I,R255K	3	A/Peru/UCA-INS-117/2026	4	A/Peru/UCA-INS-117/2026	0	1	QKIPGSDDSTATLCLGHHAVPNGTIVKTITNDRIEVTNATELVQNSSIGKICNSPHQILDGGNCTLIDALLGDPQCDSFQNKEWDLFVERSRANSSCYPYDVPDYASLRSLVASSGTLEFKDESFNWTGVKQNGTSSACKRGSSSSFFSRLNWLTSLNNIYPAQNVTMPNKEQFDKLYIWGVHHPDTDKNQFSLFAQSSGRITVSTKRSQQAVIPNIGSRPRIRDIPSRISIYWTIVKPGDILLINSTGNLIAPKGYFKIRSGKSSIMRSDAPIGECKSECITPNGSIPNDKPFQNVNRITYGACPRYVKQSTLKLATGMRNVPEKQTR	GIFGAIAGFIENGWEGMMDGWYGFRHQNSEGRGQAADLKSTQAAIDQINGKLNRLIGKTNEKFHQIEKEFSEVEGRVQDLEKYVEDTKIDLWSYNAELLVALENQHTIDLTDSEMNKLFEKTKKQLRENAEDMGNGCFKIYHKCDNACIGSIRNETYDHNVYRDEALNNRFQIKGVELKSGYKDWILWISFAMSCFLLCIALLGFIMWACQKGNIRCNICI	QKIPGSDDSTATLCLGHHAVPNGTIVKTITNDRIEVTNATELVQNSSIGKICNSPHQILDGGNCTLIDALLGDPQCDSFQNKEWDLFVERSRANSSCYPYDVPDYASLRSLVASSGTLEFKDESFNWTGVKQNGTSSACKRGSSSSFFSRLNWLTSLNNIYPAQNVTMPNKEQFDKLYIWGVHHPDTDKNQFSLFAQSSGRITVSTKRSQQAVIPNIGSRPRIRDIPSRISIYWTIVKPGDILLINSTGNLIAPKGYFKIRSGKSSIMRSDAPIGECKSECITPNGSIPNDKPFQNVNRITYGACPRYVKQSTLKLATGMRNVPEKQTRGIFGAIAGFIENGWEGMMDGWYGFRHQNSEGRGQAADLKSTQAAIDQINGKLNRLIGKTNEKFHQIEKEFSEVEGRVQDLEKYVEDTKIDLWSYNAELLVALENQHTIDLTDSEMNKLFEKTKKQLRENAEDMGNGCFKIYHKCDNACIGSIRNETYDHNVYRDEALNNRFQIKGVELKSGYKDWILWISFAMSCFLLCIALLGFIMWACQKGNIRCNICI	27.0	3.0	2.0	2026-03-14	ed9a8a7	10.0	11.0	0.0	8.0	0.0	21.0	0.02727272727	0.2	66.0	0.0		0.0	0.3070175439	0.0	0.3342902711	True	True	True	True	huddlej_h3n2.txt
A/Peru/UCA-INS-117/2026	J.2:N8D,V223I	3	A/Lisboa/216/2023	4	A/India/NIEMMC/2025	0	1	QKIPGNDDSTATLCLGHHAVPNGTIVKTITNDRIEVTNATELVQNSSIGKICNSPHQILDGGNCTLIDALLGDPQCDGFQNKEWDLFVERSRANSSCYPYDVPDYASLRSLVASSGTLEFKDESFNWTGVKQNGTSSACKRGSSSSFFSRLNWLTSLNNIYPAQNVTMPNKEQFDKLYIWGVHHPDTDKNQFSLFAQSSGRITVSTKRSQQAVIPNIGSRPRIRDIPSRISIYWTIVKPGDILLINSTGNLIAPRGYFKIRSGKSSIMRSDAPIGECKSECITPNGSIPNDKPFQNVNRITYGACPRYVKQSTLKLATGMRNVPEKQTR	GIFGAIAGFIENGWEGMMDGWYGFRHQNSEGRGQAADLKSTQAAIDQISGKLNRLIGKTNEKFHQIEKEFSEVEGRVQDLEKYVEDTKIDLWSYNAELLVALENQHTIDLTDSEMNKLFEKTKKQLRENAEDMGNGCFKIYHKCDNACIGSIRNETYDHNVYRDEALNNRFQIKGVELKSGYKDWILWISFAMSCFLLCIALLGFIMWACQKGNIRCNICI	QKIPGNDDSTATLCLGHHAVPNGTIVKTITNDRIEVTNATELVQNSSIGKICNSPHQILDGGNCTLIDALLGDPQCDGFQNKEWDLFVERSRANSSCYPYDVPDYASLRSLVASSGTLEFKDESFNWTGVKQNGTSSACKRGSSSSFFSRLNWLTSLNNIYPAQNVTMPNKEQFDKLYIWGVHHPDTDKNQFSLFAQSSGRITVSTKRSQQAVIPNIGSRPRIRDIPSRISIYWTIVKPGDILLINSTGNLIAPRGYFKIRSGKSSIMRSDAPIGECKSECITPNGSIPNDKPFQNVNRITYGACPRYVKQSTLKLATGMRNVPEKQTRGIFGAIAGFIENGWEGMMDGWYGFRHQNSEGRGQAADLKSTQAAIDQISGKLNRLIGKTNEKFHQIEKEFSEVEGRVQDLEKYVEDTKIDLWSYNAELLVALENQHTIDLTDSEMNKLFEKTKKQLRENAEDMGNGCFKIYHKCDNACIGSIRNETYDHNVYRDEALNNRFQIKGVELKSGYKDWILWISFAMSCFLLCIALLGFIMWACQKGNIRCNICI	2.0	1.0	1.0	2026-01-22	ca152cf	10.0	8.0	0.0	7.0	0.0	2.0	0.009090909091	0.1	117.0	0.0		0.0	0.2685185185	0.0	0.2776094276	True	True	True	True	huddlej_h3n2.txt
A/Luxembourg/LNS2209591/2026	J.2.3	2	A/India/NIEMMC/2025	4	A/Bolivia/OR5702/2025	1	2	QKIPGNDNSTATLCLGHHAVPNGTIVKTITNDRIEVTNATELVQNSSIGKICNSPHQILDGGNCTLIDALLGDPQCDGFQNKEWDLFVERSRANSSCYPYDVPDYASLRSLVASSGTLEFKDESFNWTGVKQNGTSSACKRGSSSSFFSRLNWLTSLKNIYPAQNVTMPNKEQFDKLYIWGVHHPDTDRNQFSLFAQSSGRITVSTKRSQQAVIPNIGSRPRVRDIPSRISIYWTIVKPGDILLINSTGNLIAPRGYFKIRSGKSSIMRSDAPIGECKSECITPNGSIPNDKPFQNVNRITYGACPRYVKQSTLKLATGMRNVPEKQTR	GIFGAIAGFIENGWEGMVDGWYGFRHQNSEGRGQAADLKSTQAAIDQINGKLNRLIGKTNEKFHQIEKEFSEVEGRVQDLEKYVEDTKIDLWSYNAELLVALENQHTIDLTDSEMNKLFEKTKKQLRENAEDMGNGCFKIYHKCDNACIGSIRNETYDHNVYRDEALNNRFQIKGVELKSGYKDWILWISFAMSCFLLCIALLGFIMWACQKGNIRCNICI	QKIPGNDNSTATLCLGHHAVPNGTIVKTITNDRIEVTNATELVQNSSIGKICNSPHQILDGGNCTLIDALLGDPQCDGFQNKEWDLFVERSRANSSCYPYDVPDYASLRSLVASSGTLEFKDESFNWTGVKQNGTSSACKRGSSSSFFSRLNWLTSLKNIYPAQNVTMPNKEQFDKLYIWGVHHPDTDRNQFSLFAQSSGRITVSTKRSQQAVIPNIGSRPRVRDIPSRISIYWTIVKPGDILLINSTGNLIAPRGYFKIRSGKSSIMRSDAPIGECKSECITPNGSIPNDKPFQNVNRITYGACPRYVKQSTLKLATGMRNVPEKQTRGIFGAIAGFIENGWEGMVDGWYGFRHQNSEGRGQAADLKSTQAAIDQINGKLNRLIGKTNEKFHQIEKEFSEVEGRVQDLEKYVEDTKIDLWSYNAELLVALENQHTIDLTDSEMNKLFEKTKKQLRENAEDMGNGCFKIYHKCDNACIGSIRNETYDHNVYRDEALNNRFQIKGVELKSGYKDWILWISFAMSCFLLCIALLGFIMWACQKGNIRCNICI	161.0	13.0	3.0	2026-02-28	a198431	10.99378882	10.0	2.0	9.0	2.0	120.0	0.1181818182	0.3	80.0	0.925	0.009671412266	-0.07266116134	0.3923076923	-0.4268055216	0.08368398884	True	True	True	True	huddlej_h3n2.txt
A/Blaenavon/6687/2026	K:S47P,G78D,N133D,N144K,N159Y,Q197R	5	A/Michigan/UM-10068071276/2025	6	A/Michigan/UM-10068071276/2025	0	5	QNIPGNDNSTATLCLGHHAVPNGTIVKTITNDRIEVTNATELVQNSPIGKICNSPHQILDGGNCTLIDALLGDPQCDDFQNKEWDLFVERSRANSSCYPYDVPDYASLRSLVASSGTLEFKDESFNWTGVKQDGKSSACKRGSKSSFFSRLNWLTSLDYKYPAQNVTMPNKERFDKLYIWGVHHPDTDRNQFSLFARSSGRITVSTKRSQQAVIPNIGSRPRVRDIPSRISIYWTIVKPGDILLINSTGNLIAPRGYFKIRSGKSSIMRSDAPIGECKSECITPNGSIPNDKPFQNVNRITYGACPRYVKQSTLKLATGMRNVPEKQAR	GIFGAIAGFIENGWEGMVDGWYGFRHQNSEGRGQAADLKSTQAAIDQINGKLNRLIGKTNEKFHQIEKEFSEVEGRVQDLEKYVEDTKIDLWSYNAELLVALENQHTIDLTDSEMNKLFEKTKKQLRENAEDMGNGCFKIYHRCDNACIGSIRNETYDHNVYRDEALNNRFQIKGVELKSGYKDWILWISFAMSCFLLCIALLGFIMWACQKGNIRCNICI	QNIPGNDNSTATLCLGHHAVPNGTIVKTITNDRIEVTNATELVQNSPIGKICNSPHQILDGGNCTLIDALLGDPQCDDFQNKEWDLFVERSRANSSCYPYDVPDYASLRSLVASSGTLEFKDESFNWTGVKQDGKSSACKRGSKSSFFSRLNWLTSLDYKYPAQNVTMPNKERFDKLYIWGVHHPDTDRNQFSLFARSSGRITVSTKRSQQAVIPNIGSRPRVRDIPSRISIYWTIVKPGDILLINSTGNLIAPRGYFKIRSGKSSIMRSDAPIGECKSECITPNGSIPNDKPFQNVNRITYGACPRYVKQSTLKLATGMRNVPEKQARGIFGAIAGFIENGWEGMVDGWYGFRHQNSEGRGQAADLKSTQAAIDQINGKLNRLIGKTNEKFHQIEKEFSEVEGRVQDLEKYVEDTKIDLWSYNAELLVALENQHTIDLTDSEMNKLFEKTKKQLRENAEDMGNGCFKIYHRCDNACIGSIRNETYDHNVYRDEALNNRFQIKGVELKSGYKDWILWISFAMSCFLLCIALLGFIMWACQKGNIRCNICI	1.0	1.0	1.0	2026-03-13	677d39e	9.0	21.0	6.0	17.0	3.0	1.0	0.009090909091	0.1	67.0	0.0		0.0	0.5635359116	0.0	0.5726268207	True	True	True	True	huddlej_h3n2.txt
